-- phpMyAdmin SQL Dump
-- version 5.2.0
-- https://www.phpmyadmin.net/
--
-- Host: 127.0.0.1
-- Generation Time: Dec 14, 2022 at 06:56 PM
-- Server version: 10.4.24-MariaDB
-- PHP Version: 7.4.29

SET SQL_MODE = "NO_AUTO_VALUE_ON_ZERO";
START TRANSACTION;
SET time_zone = "+00:00";


/*!40101 SET @OLD_CHARACTER_SET_CLIENT=@@CHARACTER_SET_CLIENT */;
/*!40101 SET @OLD_CHARACTER_SET_RESULTS=@@CHARACTER_SET_RESULTS */;
/*!40101 SET @OLD_COLLATION_CONNECTION=@@COLLATION_CONNECTION */;
/*!40101 SET NAMES utf8mb4 */;

--
-- Database: `spk-cmeans`
--

-- --------------------------------------------------------

--
-- Table structure for table `admin`
--

CREATE TABLE `admin` (
  `id` int(11) NOT NULL,
  `name` varchar(128) NOT NULL,
  `password` varchar(256) NOT NULL
) ENGINE=InnoDB DEFAULT CHARSET=utf8mb4;

--
-- Dumping data for table `admin`
--

INSERT INTO `admin` (`id`, `name`, `password`) VALUES
(4, 'tiara', 'e358efa489f58062f10dd7316b65649e');

-- --------------------------------------------------------

--
-- Table structure for table `jurusan`
--

CREATE TABLE `jurusan` (
  `id` int(20) NOT NULL,
  `nama` varchar(128) NOT NULL
) ENGINE=InnoDB DEFAULT CHARSET=utf8mb4;

--
-- Dumping data for table `jurusan`
--

INSERT INTO `jurusan` (`id`, `nama`) VALUES
(2, 'IPA'),
(3, 'IPS'),
(4, 'Bahasa');

-- --------------------------------------------------------

--
-- Table structure for table `kelas`
--

CREATE TABLE `kelas` (
  `id` int(20) NOT NULL,
  `tingkat_id` int(20) NOT NULL,
  `jurusan_id` int(20) NOT NULL,
  `nama_kelas_id` int(20) NOT NULL
) ENGINE=InnoDB DEFAULT CHARSET=latin1;

--
-- Dumping data for table `kelas`
--

INSERT INTO `kelas` (`id`, `tingkat_id`, `jurusan_id`, `nama_kelas_id`) VALUES
(15, 10, 2, 1),
(16, 10, 2, 2),
(17, 10, 2, 3),
(18, 10, 2, 6),
(19, 10, 2, 7),
(20, 10, 3, 1),
(21, 10, 3, 2),
(22, 10, 3, 3),
(23, 10, 3, 6),
(24, 10, 3, 7),
(25, 10, 4, 1),
(26, 10, 4, 2),
(27, 10, 4, 3);

-- --------------------------------------------------------

--
-- Table structure for table `kriteria`
--

CREATE TABLE `kriteria` (
  `id_kriteria` int(11) NOT NULL,
  `tanggungan_ortu` double NOT NULL,
  `penghasilan_ortu` double NOT NULL,
  `tagihan_air` double NOT NULL,
  `tagihan_listrik` double NOT NULL,
  `nilai_raport` decimal(4,2) NOT NULL,
  `id_siswa` int(11) DEFAULT NULL,
  `id_perhitungan` int(11) DEFAULT NULL
) ENGINE=InnoDB DEFAULT CHARSET=utf8mb4;

--
-- Dumping data for table `kriteria`
--

INSERT INTO `kriteria` (`id_kriteria`, `tanggungan_ortu`, `penghasilan_ortu`, `tagihan_air`, `tagihan_listrik`, `nilai_raport`, `id_siswa`, `id_perhitungan`) VALUES
(168384, 1, 0.5, 0.75, 0.75, '0.50', NULL, NULL),
(168385, 0.75, 0.25, 0.25, 0, '0.50', NULL, NULL),
(168386, 0.5, 0.75, 0.75, 0.75, '0.75', NULL, NULL),
(168387, 0.25, 0.5, 0.75, 0.5, '0.25', NULL, NULL),
(168388, 0.75, 0.75, 0.5, 0.75, '0.50', NULL, NULL),
(168389, 0.75, 0.5, 0.5, 0.75, '0.75', NULL, NULL),
(168390, 0.5, 0.25, 0.5, 0.5, '1.00', NULL, NULL),
(168391, 0.25, 0.5, 0.25, 0, '0.75', NULL, NULL),
(168392, 1, 0.75, 0.75, 0.75, '0.25', NULL, NULL),
(168393, 0.5, 0.5, 0.75, 0.75, '0.50', NULL, NULL),
(168394, 0.75, 0.75, 0.25, 0.25, '0.75', NULL, NULL),
(168395, 0.5, 0.75, 0.75, 0.5, '0.50', NULL, NULL),
(168396, 0.75, 0, 0.5, 0.5, '0.75', NULL, NULL),
(168397, 0.5, 0.75, 0.75, 0.5, '0.75', NULL, NULL),
(168398, 0.5, 0.75, 0.5, 0.5, '0.50', NULL, NULL),
(168399, 0.5, 0.25, 0.75, 0.5, '0.75', NULL, NULL),
(168400, 1, 0.25, 0.5, 0.5, '1.00', NULL, NULL),
(168401, 0.75, 0.5, 0.5, 0.5, '0.75', NULL, NULL),
(168402, 0.75, 0, 0.5, 0.25, '0.75', NULL, NULL),
(168403, 0.75, 0.5, 0.75, 0.75, '1.00', NULL, NULL),
(168404, 0.75, 0.25, 0.5, 0.5, '0.75', NULL, NULL),
(168405, 0.5, 0.75, 0.75, 0.5, '0.50', NULL, NULL),
(168406, 0.25, 0.75, 0.75, 0.75, '1.00', NULL, NULL),
(168407, 1, 0.5, 0.5, 0.5, '0.50', NULL, NULL),
(168408, 0.5, 0.75, 0.25, 0.5, '0.50', NULL, NULL),
(168409, 0.75, 0.25, 0.5, 0.25, '1.00', NULL, NULL),
(168410, 0, 0, 0.5, 0.5, '0.50', NULL, NULL),
(168411, 0.5, 0.75, 0.5, 0.5, '0.75', NULL, NULL),
(168412, 0.5, 0.75, 0.5, 0.5, '0.50', NULL, NULL),
(168413, 1, 0.75, 0.75, 0.75, '0.75', NULL, NULL),
(168414, 0.25, 0.5, 0.5, 0.5, '0.50', NULL, NULL),
(168415, 0.25, 0.25, 0.25, 0.25, '0.50', NULL, NULL),
(168416, 0.5, 0, 0.25, 0.25, '1.00', NULL, NULL),
(168417, 1, 0, 0.25, 0.25, '0.75', NULL, NULL),
(168418, 1, 0.75, 0.75, 0.5, '0.50', NULL, NULL),
(168419, 0.75, 0.25, 0.5, 0.5, '0.75', NULL, NULL),
(168420, 0, 0.25, 0.5, 0.5, '0.50', NULL, NULL),
(168421, 1, 0.25, 0.5, 0.5, '0.75', NULL, NULL),
(168422, 0.5, 0.25, 0.5, 0.5, '0.50', NULL, NULL),
(168423, 0.5, 0.5, 0.75, 0.5, '0.75', NULL, NULL),
(168424, 0.75, 0.75, 0.75, 0.75, '0.75', NULL, NULL),
(168425, 0.25, 0.75, 0.75, 0.75, '0.25', NULL, NULL),
(168426, 0.5, 0.75, 0.5, 0.5, '0.50', NULL, NULL),
(168427, 1, 0.75, 0.5, 0.5, '0.25', NULL, NULL),
(168428, 0.75, 1, 0.75, 0.75, '0.50', NULL, NULL),
(168429, 0.75, 0.75, 0.75, 0.5, '0.75', NULL, NULL),
(168430, 0.25, 1, 0.75, 0.75, '0.75', NULL, NULL),
(168431, 0.75, 0.75, 0.5, 0.75, '0.75', NULL, NULL),
(168432, 1, 1, 0.75, 0.75, '0.50', NULL, NULL),
(168433, 1, 0, 0.5, 0.5, '0.75', NULL, NULL),
(168434, 0.5, 0, 0, 0.25, '1.00', NULL, NULL),
(168435, 0.5, 0.5, 0.25, 0.25, '0.75', NULL, NULL),
(168436, 0.5, 0.75, 0.75, 0.5, '0.75', NULL, NULL),
(168437, 1, 0.25, 0.75, 0.75, '1.00', NULL, NULL),
(168438, 0.75, 0.75, 0.75, 0.75, '0.75', NULL, NULL),
(168439, 0.5, 0.5, 0.75, 0.75, '0.75', NULL, NULL),
(168440, 0.75, 0, 0.25, 0.25, '1.00', NULL, NULL),
(168441, 0, 0, 0, 0, '1.00', NULL, NULL),
(168442, 0.5, 0, 0.5, 0.5, '0.75', NULL, NULL),
(168443, 0.75, 0.5, 0.75, 0.5, '0.75', NULL, NULL),
(168444, 0.5, 0.5, 0.75, 0.75, '0.50', NULL, NULL),
(168445, 1, 0.75, 0.75, 0.5, '0.75', NULL, NULL),
(168446, 0.75, 0.25, 0.25, 0.25, '1.00', NULL, NULL),
(168447, 1, 0, 0.75, 0.75, '0.75', NULL, NULL),
(168448, 0.75, 0.75, 0.5, 0.5, '0.50', NULL, NULL),
(168449, 0.75, 0.25, 0.25, 0.25, '0.75', NULL, NULL),
(168450, 0.25, 0.25, 0.5, 0.5, '0.50', NULL, NULL),
(168451, 0, 0.25, 0.5, 0.5, '0.75', NULL, NULL),
(168452, 0.5, 0.75, 0.75, 0.75, '0.75', NULL, NULL),
(168453, 0.5, 0.75, 0.75, 0.75, '1.00', NULL, NULL),
(168454, 0.25, 0.25, 0.25, 0.25, '0.75', NULL, NULL),
(168455, 1, 0, 0, 0, '1.00', NULL, NULL),
(168456, 1, 0.25, 0.75, 0.75, '0.25', NULL, NULL),
(168457, 0.5, 0.75, 0.75, 0.75, '0.75', NULL, NULL),
(168458, 0.75, 0.75, 0.75, 0.75, '0.50', NULL, NULL),
(168459, 0.25, 0.75, 0.5, 0.5, '0.50', NULL, NULL),
(168460, 0.75, 0.75, 0.75, 0.75, '0.25', NULL, NULL),
(168461, 0.25, 0.75, 0.75, 0.75, '0.50', NULL, NULL),
(168462, 0.75, 0.75, 0.75, 0.75, '0.50', NULL, NULL),
(168463, 1, 0.75, 0.75, 0.75, '0.50', NULL, NULL),
(168464, 1, 0.75, 0.75, 0.75, '0.75', NULL, NULL),
(168465, 1, 0.75, 0.75, 0.75, '0.50', NULL, NULL),
(168466, 0.5, 0.75, 0.75, 0.75, '0.50', NULL, NULL),
(168467, 1, 0.5, 0.75, 0.75, '0.25', NULL, NULL),
(168468, 0, 0.75, 0.75, 0.75, '0.50', NULL, NULL),
(168469, 1, 0.75, 0.75, 0.75, '1.00', NULL, NULL),
(168470, 0.25, 0, 0.25, 0.25, '0.75', NULL, NULL),
(168471, 1, 0.5, 0.75, 0.75, '0.75', NULL, NULL),
(168472, 0.5, 0.5, 0.5, 0.5, '0.75', NULL, NULL),
(168473, 0.5, 0.75, 0.75, 0.75, '0.75', NULL, NULL),
(168474, 0.75, 0.75, 0.75, 0.75, '1.00', NULL, NULL),
(168475, 0.5, 0.5, 0.5, 0.5, '0.50', NULL, NULL),
(168476, 1, 0.75, 0.75, 0.75, '0.25', NULL, NULL),
(168477, 0.5, 0.75, 0.5, 0.75, '0.75', NULL, NULL),
(168478, 0.75, 0.75, 0.75, 0.75, '0.75', NULL, NULL),
(168479, 0.75, 0.75, 0.5, 0.5, '0.50', NULL, NULL),
(168480, 0.5, 0.5, 0.5, 0.5, '0.50', NULL, NULL),
(168481, 0.5, 0.75, 0.75, 0.75, '0.25', NULL, NULL),
(168482, 0.75, 0.75, 0.75, 0.75, '0.75', NULL, NULL),
(168483, 0.25, 0.5, 0.75, 0.75, '0.75', NULL, NULL),
(168484, 0.25, 0.5, 0.75, 0.75, '0.75', NULL, NULL),
(168485, 0.5, 0.75, 0.75, 0.75, '0.75', NULL, NULL),
(168486, 1, 0.75, 0.75, 0.75, '0.50', NULL, NULL),
(168487, 0.75, 0.75, 0.75, 0.75, '0.25', NULL, NULL),
(168488, 0.5, 0.5, 0.5, 0.5, '0.50', NULL, NULL),
(168489, 1, 0, 0.25, 0.25, '0.50', NULL, NULL),
(168490, 0.5, 0.5, 0.75, 0.75, '0.50', NULL, NULL),
(168491, 0.25, 0.75, 0.75, 0.5, '0.75', NULL, NULL),
(168492, 0.5, 0.75, 0.5, 0.75, '0.25', NULL, NULL),
(168493, 0.5, 0.75, 0.75, 0.75, '0.75', NULL, NULL),
(168494, 0.5, 0, 0.5, 0.5, '0.50', NULL, NULL),
(168495, 1, 0.75, 0.75, 0.5, '0.75', NULL, NULL),
(168496, 1, 0.75, 0.75, 0.75, '0.75', NULL, NULL),
(168497, 0.75, 0.75, 0.75, 0.75, '0.50', NULL, NULL),
(168498, 0.25, 0.5, 0.5, 0.5, '0.50', NULL, NULL),
(168499, 1, 0.75, 0.75, 0.5, '0.75', NULL, NULL),
(168500, 0.75, 0.75, 0.75, 0.75, '0.75', NULL, NULL),
(168501, 0.5, 0.75, 0.75, 0.75, '0.50', NULL, NULL),
(168502, 0.25, 0.25, 0.5, 0.5, '0.50', NULL, NULL),
(168503, 0, 0.25, 0.25, 0.25, '0.25', NULL, NULL),
(168504, 1, 0.75, 0.5, 0.75, '1.00', NULL, NULL),
(168505, 0.25, 0.75, 0.5, 0.5, '0.75', NULL, NULL),
(168506, 1, 0, 0, 0, '1.00', NULL, NULL),
(168507, 0.25, 0.75, 0.75, 0.75, '0.50', NULL, NULL),
(168508, 0.5, 1, 0.75, 0.75, '1.00', NULL, NULL),
(168509, 0.5, 0.75, 0.75, 0.75, '0.75', NULL, NULL),
(168510, 0.25, 0.75, 0.75, 0.75, '0.75', NULL, NULL),
(168511, 0.25, 0.75, 0.75, 0.75, '0.75', NULL, NULL),
(168512, 0.25, 1, 0.75, 0.75, '0.25', NULL, NULL),
(168513, 1, 0.5, 0.5, 0.5, '0.75', NULL, NULL),
(168514, 1, 0.75, 0.75, 0.75, '0.75', NULL, NULL),
(168515, 1, 0.75, 0.75, 0.75, '0.75', NULL, NULL),
(168516, 1, 1, 0.75, 0.75, '0.50', NULL, NULL),
(168517, 0.75, 0.75, 0.75, 0.75, '0.75', NULL, NULL),
(168518, 0.75, 0.75, 0.75, 0.75, '0.50', NULL, NULL),
(168519, 0.75, 1, 0.75, 1, '0.50', NULL, NULL),
(168520, 1, 0.75, 0.75, 0.75, '0.50', NULL, NULL),
(168521, 1, 0.75, 0.75, 0.75, '0.50', NULL, NULL),
(168522, 0.5, 0.5, 0.5, 0.5, '0.75', NULL, NULL),
(168523, 1, 0.75, 0.75, 0.75, '0.25', NULL, NULL),
(168524, 1, 0.25, 0.25, 0.25, '0.25', NULL, NULL),
(168525, 0.75, 0.75, 0.75, 0.75, '0.50', NULL, NULL),
(168526, 0.5, 0.75, 0.75, 0.75, '0.50', NULL, NULL),
(168527, 0.5, 0.75, 0.75, 0.5, '1.00', NULL, NULL),
(168528, 0.25, 0.75, 0.5, 0.5, '0.75', NULL, NULL),
(168529, 0, 0.75, 0.5, 0.75, '0.75', NULL, NULL),
(168530, 0.5, 0, 0.25, 0.25, '0.75', NULL, NULL),
(168531, 0.25, 1, 0.75, 0.75, '0.75', NULL, NULL),
(168532, 0.75, 0.75, 0.75, 0.75, '0.25', NULL, NULL),
(168533, 0.5, 0.25, 0.25, 0.25, '0.75', NULL, NULL),
(168534, 1, 0.75, 0.75, 0.75, '0.50', NULL, NULL),
(168535, 0.75, 0.75, 0.75, 0.75, '0.75', NULL, NULL),
(168536, 0.5, 0, 0.25, 0.25, '0.50', NULL, NULL),
(168537, 0.5, 0, 0, 0.25, '0.75', NULL, NULL),
(168538, 0.25, 0.75, 0.5, 0.75, '0.75', NULL, NULL),
(168539, 0.75, 0.75, 0.75, 0.5, '0.50', NULL, NULL),
(168540, 0.25, 0.75, 0.75, 0.75, '0.50', NULL, NULL),
(168541, 0.75, 0, 0.5, 0.25, '0.50', NULL, NULL),
(168542, 1, 0.75, 0.75, 0.75, '1.00', NULL, NULL),
(168543, 0.75, 0.75, 0.75, 0.75, '0.50', NULL, NULL),
(168544, 1, 0.75, 0.75, 0.75, '0.75', NULL, NULL),
(168545, 1, 0.25, 0.5, 0.5, '0.50', NULL, NULL),
(168546, 1, 0.75, 0.75, 0.75, '0.75', NULL, NULL),
(168547, 0.25, 0.25, 0.5, 0.5, '0.75', NULL, NULL),
(168548, 0.75, 0.75, 0.5, 0.5, '0.75', NULL, NULL),
(168549, 0.5, 0, 0, 0, '0.75', NULL, NULL),
(168550, 1, 0.25, 0.25, 0.25, '0.75', NULL, NULL),
(168551, 0.5, 0, 0, 0.25, '0.50', NULL, NULL),
(168552, 0.75, 0.5, 0.25, 0.5, '0.50', NULL, NULL),
(168553, 1, 0.25, 0, 0.25, '0.75', NULL, NULL),
(168554, 0.75, 0.5, 0.5, 0.5, '0.75', NULL, NULL),
(168555, 0.25, 0, 0.5, 0.5, '0.25', NULL, NULL),
(168556, 0, 0.5, 0.5, 0.5, '0.50', NULL, NULL),
(168557, 0.5, 0.75, 0.75, 0.75, '0.75', NULL, NULL),
(168558, 0.25, 0.75, 0.75, 0.75, '0.50', NULL, NULL),
(168559, 0.5, 0.5, 0.5, 0.5, '0.50', NULL, NULL),
(168560, 0.5, 0.5, 0.5, 0.5, '0.25', NULL, NULL),
(168561, 0.5, 0.25, 0.5, 0.5, '0.50', NULL, NULL),
(168562, 0.75, 0.5, 0.5, 0.5, '0.50', NULL, NULL),
(168563, 1, 0.75, 0.5, 0.75, '0.75', NULL, NULL),
(168564, 0.5, 0.5, 0.5, 0.5, '0.50', NULL, NULL),
(168565, 1, 0.75, 0.75, 0.75, '0.50', NULL, NULL),
(168566, 0.75, 0.5, 0.5, 0.5, '0.25', NULL, NULL),
(168567, 1, 0.25, 0.5, 0.5, '0.75', NULL, NULL),
(168568, 0.5, 0.5, 0.75, 0.75, '0.75', NULL, NULL),
(168569, 0.5, 0.5, 0.5, 0.25, '0.25', NULL, NULL),
(168570, 1, 0.75, 0.5, 0.75, '0.25', NULL, NULL),
(168571, 0, 0.25, 0.5, 0.5, '0.75', NULL, NULL),
(168572, 0.5, 0.5, 0.5, 0.75, '0.25', NULL, NULL),
(168573, 1, 0.5, 0.5, 0.5, '0.75', NULL, NULL),
(168574, 1, 0.75, 0.75, 0.75, '0.25', NULL, NULL),
(168575, 0.75, 0.5, 0.5, 0.5, '0.25', NULL, NULL),
(168576, 1, 1, 0.5, 0.75, '0.50', NULL, NULL),
(168577, 1, 0.75, 0.5, 0.5, '0.75', NULL, NULL),
(168578, 1, 0.25, 0.5, 0.5, '0.75', NULL, NULL),
(168579, 0, 0.25, 0.75, 0.75, '0.50', NULL, NULL),
(168580, 0.25, 0.5, 0.75, 0.75, '0.50', NULL, NULL),
(168581, 0.75, 0.25, 0.25, 0.5, '0.50', NULL, NULL),
(168582, 0.25, 0.5, 0.5, 0.5, '0.75', NULL, NULL),
(168583, 0.5, 0.5, 0.5, 0.5, '0.50', NULL, NULL),
(168584, 0.75, 0.25, 0.25, 0.25, '0.25', NULL, NULL),
(168585, 0.25, 0.25, 0.5, 0.5, '0.50', NULL, NULL),
(168586, 0.75, 0.5, 0.75, 0.75, '0.50', NULL, NULL),
(168587, 0.75, 0.25, 0.25, 0.25, '0.75', NULL, NULL),
(168588, 1, 0, 0.25, 0.25, '0.25', NULL, NULL),
(168589, 1, 0.5, 0.5, 0.75, '0.50', NULL, NULL),
(168590, 0.75, 0.5, 0.75, 0.75, '0.50', NULL, NULL),
(168591, 1, 0.25, 0.5, 0.5, '0.50', NULL, NULL),
(168592, 0.5, 1, 0.75, 0.75, '0.75', NULL, NULL),
(168593, 1, 0.25, 0.5, 0.5, '0.25', NULL, NULL),
(168594, 0, 0.25, 0.5, 0.5, '0.50', NULL, NULL),
(168595, 1, 0.5, 0.5, 0.5, '0.25', NULL, NULL),
(168596, 0.75, 0.5, 0.5, 0.5, '0.75', NULL, NULL),
(168597, 0, 0.25, 0.25, 0.5, '0.50', NULL, NULL),
(168598, 0.25, 0.5, 0.75, 0.75, '0.75', NULL, NULL),
(168599, 0.25, 0.75, 0.5, 0.5, '0.75', NULL, NULL),
(168600, 1, 0.5, 0.75, 0.75, '0.75', NULL, NULL),
(168601, 0.5, 0, 0, 0, '0.50', NULL, NULL),
(168602, 0.5, 0.25, 0.5, 0.5, '0.25', NULL, NULL),
(168603, 0.5, 0.5, 0.5, 0.5, '0.75', NULL, NULL),
(168604, 0.25, 0.75, 0.75, 0.75, '0.75', NULL, NULL),
(168605, 1, 0.25, 0.5, 0.75, '0.50', NULL, NULL),
(168606, 0.75, 0.5, 0.5, 0.5, '0.50', NULL, NULL),
(168607, 1, 0.25, 0.5, 0.5, '1.00', NULL, NULL),
(168608, 0.5, 0.25, 0.25, 0.25, '0.75', NULL, NULL),
(168609, 1, 0.5, 0.75, 0.75, '0.50', NULL, NULL),
(168610, 0, 0.5, 0.5, 0.5, '0.75', NULL, NULL),
(168611, 0.75, 0.25, 0.5, 0.5, '0.50', NULL, NULL),
(168612, 0.75, 0.5, 0.75, 0.75, '1.00', NULL, NULL),
(168613, 1, 0.5, 0.5, 0.75, '0.75', NULL, NULL),
(168614, 0.75, 0.75, 0.75, 0.75, '0.75', NULL, NULL),
(168615, 0.75, 0.25, 0.5, 0.5, '0.50', NULL, NULL),
(168616, 1, 0.5, 0.5, 0.5, '1.00', NULL, NULL),
(168617, 1, 0.5, 0.5, 0.5, '0.75', NULL, NULL),
(168618, 1, 0.5, 0.5, 0.75, '0.75', NULL, NULL),
(168619, 1, 0, 0.25, 0.5, '1.00', NULL, NULL),
(168620, 1, 0.25, 0.25, 0.25, '0.75', NULL, NULL),
(168621, 0.75, 0.25, 0.5, 0.5, '0.50', NULL, NULL),
(168622, 1, 0.5, 0.5, 0.5, '0.75', NULL, NULL),
(168623, 0, 0.25, 0.5, 0.5, '1.00', NULL, NULL),
(168624, 0.25, 0.75, 0.5, 0.75, '0.75', NULL, NULL),
(168625, 0.75, 0.75, 0.75, 0.75, '0.75', NULL, NULL),
(168626, 0, 0.5, 0.5, 0.5, '0.50', NULL, NULL),
(168627, 0.25, 0.5, 0.75, 0.75, '0.50', NULL, NULL),
(168628, 1, 0.5, 0.5, 0.5, '0.75', NULL, NULL),
(168629, 1, 0.5, 0.5, 0.5, '0.75', NULL, NULL),
(168630, 1, 0.5, 0.5, 0.5, '1.00', NULL, NULL),
(168631, 0.5, 0.5, 0.5, 0.5, '0.75', NULL, NULL),
(168632, 0.75, 0.25, 0.5, 0.5, '0.25', NULL, NULL),
(168633, 0, 0, 0.25, 0.25, '0.25', NULL, NULL),
(168634, 0.25, 0, 0.25, 0, '0.50', NULL, NULL),
(168635, 0.5, 0.75, 0.75, 0.75, '0.75', NULL, NULL),
(168636, 1, 0.75, 0.75, 0.75, '0.75', NULL, NULL),
(168637, 0.75, 0.5, 0.5, 0.5, '0.50', NULL, NULL),
(168638, 0.75, 0.5, 0.5, 0.5, '0.75', NULL, NULL),
(168639, 0.75, 0.5, 0.5, 0.75, '0.75', NULL, NULL),
(168640, 1, 0.25, 0.5, 0.5, '0.75', NULL, NULL),
(168641, 0.5, 0, 0.25, 0.5, '0.50', NULL, NULL),
(168642, 0.75, 0, 0.5, 0.5, '0.75', NULL, NULL),
(168643, 0.5, 0.5, 0.5, 0.5, '0.75', NULL, NULL),
(168644, 0, 0, 0.25, 0.25, '0.75', NULL, NULL),
(168645, 0.5, 0.75, 0.5, 0.5, '0.75', NULL, NULL),
(168646, 0.75, 0.5, 0.5, 0.5, '0.75', NULL, NULL),
(168647, 1, 0, 0.5, 0.5, '0.50', NULL, NULL),
(168648, 0, 0.5, 0.5, 0.25, '0.50', NULL, NULL),
(168649, 0, 0, 0.5, 0.5, '0.75', NULL, NULL),
(168650, 1, 0.25, 0.5, 0.5, '1.00', NULL, NULL),
(168651, 1, 0.5, 0.5, 0.5, '0.50', NULL, NULL),
(168652, 0, 0.5, 0.75, 0.75, '0.50', NULL, NULL),
(168653, 0.75, 0.5, 0.5, 0.5, '0.50', NULL, NULL),
(168654, 0.5, 0.25, 0.5, 0.5, '0.25', NULL, NULL),
(168655, 0.25, 0, 0.25, 0.25, '0.75', NULL, NULL),
(168656, 1, 0.5, 0.75, 0.75, '1.00', NULL, NULL),
(168657, 0.25, 0.5, 0.75, 0.75, '0.75', NULL, NULL),
(168658, 0.25, 0.25, 0.5, 0.5, '0.50', NULL, NULL),
(168659, 0, 0.25, 0.5, 0.5, '0.50', NULL, NULL),
(168660, 0.5, 0.5, 0.5, 0.5, '0.50', NULL, NULL),
(168661, 1, 0, 0.25, 0.25, '0.50', NULL, NULL),
(168662, 0.75, 0.5, 0.5, 0.75, '0.75', NULL, NULL),
(168663, 0, 0.25, 0.75, 0.5, '0.50', NULL, NULL),
(168664, 0.5, 0.5, 0.75, 0.75, '0.75', NULL, NULL),
(168665, 0.25, 0.5, 0.5, 0.5, '0.50', NULL, NULL),
(168666, 1, 0.5, 0.5, 0.5, '1.00', NULL, NULL),
(168667, 0.75, 0.25, 0.5, 0.5, '0.75', NULL, NULL),
(168668, 0, 0.5, 0.5, 0.5, '1.00', NULL, NULL),
(168669, 0.5, 0, 0.25, 0.25, '1.00', NULL, NULL),
(168670, 0, 0, 0, 0, '1.00', NULL, NULL),
(168671, 1, 0, 0.25, 0.25, '0.75', NULL, NULL),
(168672, 0.25, 0.5, 0.5, 0.5, '1.00', NULL, NULL),
(168673, 0.5, 0.75, 0.75, 0.75, '1.00', NULL, NULL),
(168674, 0.25, 0, 0.5, 0.5, '0.75', NULL, NULL),
(168675, 1, 0.5, 0.75, 0.75, '0.75', NULL, NULL),
(168676, 0.75, 0.5, 0.75, 0.75, '0.75', NULL, NULL),
(168677, 1, 0.25, 0.5, 0.5, '0.75', NULL, NULL),
(168678, 0.75, 0.5, 0.5, 0.5, '0.75', NULL, NULL),
(168679, 0.5, 0, 0.25, 0.25, '0.50', NULL, NULL),
(168680, 0.75, 0.25, 0.5, 0.5, '0.75', NULL, NULL),
(168681, 0.25, 0.5, 0.5, 0.5, '0.50', NULL, NULL),
(168682, 0.5, 0.25, 0.5, 0.25, '0.75', NULL, NULL),
(168683, 0.75, 0.5, 0.5, 0.5, '0.75', NULL, NULL),
(168684, 0, 0, 0.25, 0.25, '0.75', NULL, NULL),
(168685, 0.25, 0.5, 0.5, 0.75, '1.00', NULL, NULL),
(168686, 0.5, 0.25, 0.25, 0.5, '0.75', NULL, NULL),
(168687, 0, 0.25, 0.5, 0.5, '0.75', NULL, NULL),
(168688, 0.75, 0.5, 0.5, 0.75, '1.00', NULL, NULL),
(168689, 0.25, 0.25, 0.5, 0.5, '0.75', NULL, NULL),
(168690, 0, 0.5, 0.5, 0.5, '0.50', NULL, NULL),
(168691, 0, 0, 0, 0.25, '1.00', NULL, NULL),
(168692, 1, 0.25, 0.5, 0.5, '0.75', NULL, NULL),
(168693, 1, 0.5, 0.5, 0.5, '0.50', NULL, NULL),
(168694, 0.5, 0, 0.25, 0, '0.75', NULL, NULL),
(168695, 0.25, 0.5, 0.5, 0.5, '0.75', NULL, NULL),
(168696, 1, 0.5, 0.5, 0.5, '0.25', NULL, NULL),
(168697, 1, 0.75, 0.75, 0.75, '0.75', NULL, NULL),
(168698, 0.75, 0.25, 0.5, 0.5, '0.50', NULL, NULL),
(168699, 0.5, 0.5, 0.75, 0.75, '0.75', NULL, NULL),
(168700, 0.5, 0.25, 0.5, 0.5, '1.00', NULL, NULL),
(168701, 0, 0.5, 0.5, 0.5, '0.25', NULL, NULL),
(168702, 0, 0.25, 0.5, 0.5, '0.25', NULL, NULL),
(168703, 0.75, 0.5, 0.5, 0.5, '0.50', NULL, NULL),
(168704, 1, 0.5, 0.75, 0.75, '0.25', NULL, NULL),
(168705, 1, 0.75, 0.75, 0.75, '1.00', NULL, NULL),
(168706, 0.25, 0.5, 0.5, 0.5, '0.75', NULL, NULL),
(168707, 0.5, 0.25, 0.5, 0.5, '0.50', NULL, NULL),
(168708, 0.5, 0.5, 0.5, 0.5, '0.75', NULL, NULL),
(168709, 0.75, 0.5, 0.5, 0.5, '0.50', NULL, NULL),
(168710, 0.5, 0.5, 0.5, 0.75, '0.75', NULL, NULL),
(168711, 0.75, 0.5, 0.5, 0.5, '0.75', NULL, NULL),
(168712, 0.75, 0.5, 0.5, 0.5, '0.75', NULL, NULL),
(168713, 0.25, 0.25, 0.5, 0.5, '0.25', NULL, NULL),
(168714, 0, 0, 0.5, 0.25, '0.25', NULL, NULL),
(168715, 1, 0.5, 0.5, 0.5, '0.50', NULL, NULL),
(168716, 0.25, 0.5, 0.5, 0.5, '0.50', NULL, NULL),
(168717, 0.5, 0.25, 0.5, 0.5, '0.50', NULL, NULL),
(168718, 0.5, 0.5, 0.5, 0.5, '0.50', NULL, NULL),
(168719, 0.25, 0.25, 0.5, 0.5, '0.75', NULL, NULL),
(168720, 0.25, 0.25, 0.5, 0.5, '0.25', NULL, NULL),
(168721, 0, 0.25, 0.5, 0.25, '0.25', NULL, NULL),
(168722, 0, 0.25, 0.25, 0.25, '0.75', NULL, NULL),
(168723, 1, 0.75, 0.75, 0.75, '0.50', NULL, NULL),
(168724, 0, 0, 0.5, 0.25, '0.50', NULL, NULL),
(168725, 1, 0.5, 0.5, 0.5, '0.50', NULL, NULL),
(168726, 0, 0.75, 0.5, 0.75, '0.75', NULL, NULL),
(168727, 1, 0.75, 0.5, 0.5, '0.75', NULL, NULL),
(168728, 0.5, 0.5, 0.5, 0.75, '0.25', NULL, NULL),
(168729, 0.25, 0, 0.5, 0.5, '0.25', NULL, NULL),
(168730, 0.5, 0.75, 0.5, 0.75, '0.75', NULL, NULL),
(168731, 0.25, 0.25, 0.5, 0.5, '0.75', NULL, NULL),
(168732, 0.75, 0.25, 0.25, 0.25, '0.25', NULL, NULL),
(168733, 0.5, 0.5, 0.5, 0.5, '0.75', NULL, NULL),
(168734, 1, 0.75, 0.75, 0.75, '0.75', NULL, NULL),
(168735, 0, 0.25, 0.25, 0.25, '0.50', NULL, NULL),
(168736, 0, 0.75, 0.75, 0.75, '0.50', NULL, NULL),
(168737, 1, 0.5, 0.25, 0.5, '0.50', NULL, NULL),
(168738, 1, 0.5, 0.75, 0.75, '0.50', NULL, NULL),
(168739, 1, 0.5, 0.5, 0.5, '0.25', NULL, NULL),
(168740, 1, 0.75, 0.75, 0.75, '1.00', NULL, NULL),
(168741, 0.5, 0.5, 0.5, 0.75, '0.75', NULL, NULL),
(168742, 0.5, 0.25, 0.5, 0.5, '0.50', NULL, NULL),
(168743, 0.75, 0, 0.25, 0.25, '0.25', NULL, NULL),
(168744, 0.5, 0.25, 0.25, 0, '0.50', NULL, NULL),
(168745, 0.75, 0.5, 0.5, 0.75, '1.00', NULL, NULL),
(168746, 0.5, 0.5, 0.5, 0.5, '0.50', NULL, NULL),
(168747, 0, 0.25, 0.5, 0.5, '0.75', NULL, NULL),
(168748, 1, 0.5, 0.5, 0.5, '1.00', NULL, NULL),
(168749, 1, 0.5, 0.25, 0.5, '0.75', NULL, NULL),
(168750, 0.25, 0, 0, 0, '0.50', NULL, NULL),
(168751, 0.25, 0.25, 0.25, 0.5, '0.75', NULL, NULL),
(168752, 0.25, 0.5, 0.5, 0.5, '0.50', NULL, NULL),
(168753, 1, 0.5, 0.5, 0.5, '0.50', NULL, NULL),
(168754, 1, 0.5, 0.5, 0.5, '0.50', NULL, NULL),
(168755, 0.5, 0.25, 0.25, 0.5, '0.50', NULL, NULL),
(168756, 0, 0.25, 0.5, 0.5, '0.50', NULL, NULL),
(168757, 1, 0.5, 0.5, 0.75, '0.50', NULL, NULL),
(168758, 0, 0, 0.25, 0, '0.25', NULL, NULL),
(168759, 0.5, 0.25, 0.5, 0.5, '1.00', NULL, NULL),
(168760, 0.25, 0, 0.25, 0.5, '0.50', NULL, NULL),
(168761, 1, 0.5, 0.5, 0.5, '0.50', NULL, NULL),
(168762, 0.75, 0.5, 0.5, 0.75, '0.50', NULL, NULL),
(168763, 0.25, 0, 0, 0.25, '0.50', NULL, NULL),
(168764, 0.25, 0.25, 0.5, 0.5, '0.75', NULL, NULL),
(168765, 0.75, 0.5, 0.75, 0.75, '0.75', NULL, NULL),
(168766, 0, 0.25, 0.5, 0.5, '0.75', NULL, NULL),
(168767, 1, 0.75, 0.75, 0.75, '0.75', NULL, NULL),
(168768, 1, 0.25, 0.25, 0.5, '0.50', NULL, NULL),
(168769, 0.25, 0, 0, 0.25, '1.00', NULL, NULL),
(168770, 1, 0.5, 0.5, 0.5, '0.75', NULL, NULL),
(168771, 0.5, 0.75, 0.5, 0.5, '0.50', NULL, NULL),
(168772, 1, 0.5, 0.5, 0.5, '0.50', NULL, NULL),
(168773, 0.5, 0.75, 0.75, 0.75, '0.50', NULL, NULL),
(168774, 0.5, 0.25, 0.25, 0.5, '0.25', NULL, NULL),
(168775, 0.5, 0, 0, 0.25, '1.00', NULL, NULL),
(168776, 0.75, 0.5, 0.5, 0.5, '0.75', NULL, NULL),
(168777, 0.5, 0.25, 0.25, 0.5, '0.50', NULL, NULL),
(168778, 0.75, 0, 0.25, 0.25, '0.50', NULL, NULL),
(168779, 0.5, 0.25, 0.5, 0.5, '0.75', NULL, NULL),
(168780, 0.25, 0.25, 0.25, 0.25, '0.50', NULL, NULL),
(168781, 0.5, 0.25, 0.25, 0.25, '0.50', NULL, NULL),
(168782, 1, 0.25, 0.25, 0.5, '0.50', NULL, NULL),
(168783, 0.75, 0.5, 0.5, 0.5, '0.25', NULL, NULL),
(168784, 1, 0.25, 0.25, 0.5, '0.75', NULL, NULL),
(168785, 0.75, 0.75, 0.75, 0.75, '0.50', NULL, NULL),
(168786, 0, 0.25, 0.25, 0, '0.25', NULL, NULL),
(168787, 0.75, 0, 0.5, 0.5, '0.75', NULL, NULL),
(168788, 0.5, 0.25, 0.5, 0.25, '0.75', NULL, NULL),
(168789, 0.25, 0, 0.5, 0.25, '0.50', NULL, NULL),
(168790, 0.5, 0.5, 0.5, 0.5, '0.75', NULL, NULL),
(168791, 1, 0.25, 0.5, 0.5, '0.50', NULL, NULL),
(168792, 1, 0.25, 0.25, 0.5, '0.50', NULL, NULL),
(168793, 0.25, 0.25, 0.5, 0.5, '0.50', NULL, NULL),
(168794, 1, 0.25, 0.25, 0.5, '1.00', NULL, NULL),
(168795, 0.5, 0.25, 0.5, 0.5, '0.50', NULL, NULL),
(168796, 0.5, 0.5, 0.75, 0.75, '0.75', NULL, NULL),
(168797, 1, 0.5, 0.5, 0.75, '0.75', NULL, NULL),
(168798, 0, 0.25, 0.5, 0.5, '0.75', NULL, NULL),
(168799, 0, 0.25, 0.75, 0.75, '0.75', NULL, NULL),
(168800, 0.5, 1, 0.25, 0.25, '0.50', NULL, NULL),
(168801, 0.25, 0.5, 0.5, 0.5, '0.75', NULL, NULL),
(168802, 1, 0.25, 0.5, 0.5, '0.50', NULL, NULL),
(168803, 0, 0.5, 0.5, 0.25, '0.50', NULL, NULL),
(168804, 0.5, 0, 0, 0, '0.25', NULL, NULL),
(168805, 0, 0, 0.25, 0.25, '0.50', NULL, NULL);

-- --------------------------------------------------------

--
-- Table structure for table `nama_kelas`
--

CREATE TABLE `nama_kelas` (
  `id` int(20) NOT NULL,
  `nama` varchar(128) NOT NULL
) ENGINE=InnoDB DEFAULT CHARSET=latin1;

--
-- Dumping data for table `nama_kelas`
--

INSERT INTO `nama_kelas` (`id`, `nama`) VALUES
(1, '1'),
(2, '2'),
(3, '3'),
(6, '4'),
(7, '5'),
(8, '6'),
(9, '7');

-- --------------------------------------------------------

--
-- Table structure for table `perhitungan`
--

CREATE TABLE `perhitungan` (
  `id_perhitungan` int(11) NOT NULL,
  `matrix_x` double NOT NULL,
  `matrix_u` double NOT NULL,
  `p_total_f_objektif` double NOT NULL,
  `id_siswa` int(11) DEFAULT NULL,
  `id_kriteria` int(11) DEFAULT NULL
) ENGINE=InnoDB DEFAULT CHARSET=utf8mb4;

--
-- Dumping data for table `perhitungan`
--

INSERT INTO `perhitungan` (`id_perhitungan`, `matrix_x`, `matrix_u`, `p_total_f_objektif`, `id_siswa`, `id_kriteria`) VALUES
(100553, 1, 0.5, 0.099044246124985, NULL, NULL),
(100554, 0.75, 0.25, 0.2346146031773, NULL, NULL),
(100555, 0.5, 0.75, 0.11250889547864, NULL, NULL),
(100556, 0.25, 0.5, 0.17949355283676, NULL, NULL),
(100557, 0.75, 0.75, 0.066062573614624, NULL, NULL),
(100558, 0.75, 0.5, 0.039081384495818, NULL, NULL),
(100559, 0.5, 0.25, 0.11633555925775, NULL, NULL),
(100560, 0.25, 0.5, 0.21836869850271, NULL, NULL),
(100561, 1, 0.75, 0.21108904611893, NULL, NULL),
(100562, 0.5, 0.5, 0.090350257844302, NULL, NULL),
(100563, 0.75, 0.75, 0.17708164728629, NULL, NULL),
(100564, 0.5, 0.75, 0.10760299960651, NULL, NULL),
(100565, 0.75, 0, 0.15061265654123, NULL, NULL),
(100566, 0.5, 0.75, 0.10427610297156, NULL, NULL),
(100567, 0.5, 0.75, 0.09097474399488, NULL, NULL),
(100568, 0.5, 0.25, 0.087564866940098, NULL, NULL),
(100569, 1, 0.25, 0.19906363969163, NULL, NULL),
(100570, 0.75, 0.5, 0.035816026481111, NULL, NULL),
(100571, 0.75, 0, 0.1803112948273, NULL, NULL),
(100572, 0.75, 0.5, 0.1297071087323, NULL, NULL),
(100573, 0.75, 0.25, 0.077263959322524, NULL, NULL),
(100574, 0.5, 0.75, 0.10760299960651, NULL, NULL),
(100575, 0.25, 0.75, 0.25694787221659, NULL, NULL),
(100576, 1, 0.5, 0.084833156076931, NULL, NULL),
(100577, 0.5, 0.75, 0.13148114991879, NULL, NULL),
(100578, 0.75, 0.25, 0.17741057708949, NULL, NULL),
(100579, 0, 0, 0.20440786518914, NULL, NULL),
(100580, 0.5, 0.75, 0.088705454265837, NULL, NULL),
(100581, 0.5, 0.75, 0.09097474399488, NULL, NULL),
(100582, 1, 0.75, 0.11342141341069, NULL, NULL),
(100583, 0.25, 0.5, 0.062951273429996, NULL, NULL),
(100584, 0.25, 0.25, 0.08646375175165, NULL, NULL),
(100585, 0.5, 0, 0.23085785268964, NULL, NULL),
(100586, 1, 0, 0.30243253232396, NULL, NULL),
(100587, 1, 0.75, 0.11628658341814, NULL, NULL),
(100588, 0.75, 0.25, 0.077263959322524, NULL, NULL),
(100589, 0, 0.25, 0.13903281754835, NULL, NULL),
(100590, 1, 0.25, 0.13347336841429, NULL, NULL),
(100591, 0.5, 0.25, 0.031414846882906, NULL, NULL),
(100592, 0.5, 0.5, 0.074199927443986, NULL, NULL),
(100593, 0.75, 0.75, 0.069466035032497, NULL, NULL),
(100594, 0.25, 0.75, 0.25925806032221, NULL, NULL),
(100595, 0.5, 0.75, 0.09097474399488, NULL, NULL),
(100596, 1, 0.75, 0.19222735771412, NULL, NULL),
(100597, 0.75, 1, 0.18446399413741, NULL, NULL),
(100598, 0.75, 0.75, 0.066645676158075, NULL, NULL),
(100599, 0.25, 1, 0.29546538665638, NULL, NULL),
(100600, 0.75, 0.75, 0.059622988605822, NULL, NULL),
(100601, 1, 1, 0.22832184735315, NULL, NULL),
(100602, 1, 0, 0.22920988600603, NULL, NULL),
(100603, 0.5, 0, 0.32709635127414, NULL, NULL),
(100604, 0.5, 0.5, 0.10050549934271, NULL, NULL),
(100605, 0.5, 0.75, 0.10427610297156, NULL, NULL),
(100606, 1, 0.25, 0.2260210034547, NULL, NULL),
(100607, 0.75, 0.75, 0.069466035032497, NULL, NULL),
(100608, 0.5, 0.5, 0.087289869946665, NULL, NULL),
(100609, 0.75, 0, 0.2758621652799, NULL, NULL),
(100610, 0, 0, 0.53854939246335, NULL, NULL),
(100611, 0.5, 0, 0.10233946260434, NULL, NULL),
(100612, 0.75, 0.5, 0.046018607755716, NULL, NULL),
(100613, 0.5, 0.5, 0.090350257844302, NULL, NULL),
(100614, 1, 0.75, 0.11025455068058, NULL, NULL),
(100615, 0.75, 0.25, 0.20816375712421, NULL, NULL),
(100616, 1, 0, 0.26743790561336, NULL, NULL),
(100617, 0.75, 0.75, 0.06257662523714, NULL, NULL),
(100618, 0.75, 0.25, 0.14116019483395, NULL, NULL),
(100619, 0.25, 0.25, 0.037533313123481, NULL, NULL),
(100620, 0, 0.25, 0.14433858573064, NULL, NULL),
(100621, 0.5, 0.75, 0.11250889547864, NULL, NULL),
(100622, 0.5, 0.75, 0.18213176076301, NULL, NULL),
(100623, 0.25, 0.25, 0.092716096582254, NULL, NULL),
(100624, 1, 0, 0.55824385996822, NULL, NULL),
(100625, 1, 0.25, 0.23573854914437, NULL, NULL),
(100626, 0.5, 0.75, 0.11250889547864, NULL, NULL),
(100627, 0.75, 0.75, 0.076018466485784, NULL, NULL),
(100628, 0.25, 0.75, 0.14172798798157, NULL, NULL),
(100629, 0.75, 0.75, 0.1664703791456, NULL, NULL),
(100630, 0.25, 0.75, 0.19571626509914, NULL, NULL),
(100631, 0.75, 0.75, 0.076018466485784, NULL, NULL),
(100632, 1, 0.75, 0.119719153186, NULL, NULL),
(100633, 1, 0.75, 0.11342141341069, NULL, NULL),
(100634, 1, 0.75, 0.119719153186, NULL, NULL),
(100635, 0.5, 0.75, 0.11669798876337, NULL, NULL),
(100636, 1, 0.5, 0.18810532009329, NULL, NULL),
(100637, 0, 0.75, 0.30763443554954, NULL, NULL),
(100638, 1, 0.75, 0.19615840358541, NULL, NULL),
(100639, 0.25, 0, 0.1602626628917, NULL, NULL),
(100640, 1, 0.5, 0.092832094473236, NULL, NULL),
(100641, 0.5, 0.5, 0.048058511535363, NULL, NULL),
(100642, 0.5, 0.75, 0.11250889547864, NULL, NULL),
(100643, 0.75, 0.75, 0.15232407714206, NULL, NULL),
(100644, 0.5, 0.5, 0.0462625394079, NULL, NULL),
(100645, 1, 0.75, 0.21108904611893, NULL, NULL),
(100646, 0.5, 0.75, 0.099467295074352, NULL, NULL),
(100647, 0.75, 0.75, 0.069466035032497, NULL, NULL),
(100648, 0.75, 0.75, 0.06257662523714, NULL, NULL),
(100649, 0.5, 0.5, 0.0462625394079, NULL, NULL),
(100650, 0.5, 0.75, 0.19100282860544, NULL, NULL),
(100651, 0.75, 0.75, 0.069466035032497, NULL, NULL),
(100652, 0.25, 0.5, 0.15008458328565, NULL, NULL),
(100653, 0.25, 0.5, 0.15008458328565, NULL, NULL),
(100654, 0.5, 0.75, 0.11250889547864, NULL, NULL),
(100655, 1, 0.75, 0.119719153186, NULL, NULL),
(100656, 0.75, 0.75, 0.1664703791456, NULL, NULL),
(100657, 0.5, 0.5, 0.0462625394079, NULL, NULL),
(100658, 1, 0, 0.30168826799443, NULL, NULL),
(100659, 0.5, 0.5, 0.090350257844302, NULL, NULL),
(100660, 0.25, 0.75, 0.17334524072662, NULL, NULL),
(100661, 0.5, 0.75, 0.17345833321247, NULL, NULL),
(100662, 0.5, 0.75, 0.11250889547864, NULL, NULL),
(100663, 0.5, 0, 0.097587405301321, NULL, NULL),
(100664, 1, 0.75, 0.11025455068058, NULL, NULL),
(100665, 1, 0.75, 0.11342141341069, NULL, NULL),
(100666, 0.75, 0.75, 0.076018466485784, NULL, NULL),
(100667, 0.25, 0.5, 0.062951273429996, NULL, NULL),
(100668, 1, 0.75, 0.11025455068058, NULL, NULL),
(100669, 0.75, 0.75, 0.069466035032497, NULL, NULL),
(100670, 0.5, 0.75, 0.11669798876337, NULL, NULL),
(100671, 0.25, 0.25, 0.037533313123481, NULL, NULL),
(100672, 0, 0.25, 0.26393811854705, NULL, NULL),
(100673, 1, 0.75, 0.18497869789982, NULL, NULL),
(100674, 0.25, 0.75, 0.14309484779074, NULL, NULL),
(100675, 1, 0, 0.55824385996822, NULL, NULL),
(100676, 0.25, 0.75, 0.19571626509914, NULL, NULL),
(100677, 0.5, 1, 0.28014053858162, NULL, NULL),
(100678, 0.5, 0.75, 0.11250889547864, NULL, NULL),
(100679, 0.25, 0.75, 0.19472484066994, NULL, NULL),
(100680, 0.25, 0.75, 0.19472484066994, NULL, NULL),
(100681, 0.25, 1, 0.3624684867896, NULL, NULL),
(100682, 1, 0.5, 0.079221667757338, NULL, NULL),
(100683, 1, 0.75, 0.11342141341069, NULL, NULL),
(100684, 1, 0.75, 0.11342141341069, NULL, NULL),
(100685, 1, 1, 0.22832184735315, NULL, NULL),
(100686, 0.75, 0.75, 0.069466035032497, NULL, NULL),
(100687, 0.75, 0.75, 0.076018466485784, NULL, NULL),
(100688, 0.75, 1, 0.27019018876549, NULL, NULL),
(100689, 1, 0.75, 0.119719153186, NULL, NULL),
(100690, 1, 0.75, 0.119719153186, NULL, NULL),
(100691, 0.5, 0.5, 0.048058511535363, NULL, NULL),
(100692, 1, 0.75, 0.21108904611893, NULL, NULL),
(100693, 1, 0.25, 0.28873320986115, NULL, NULL),
(100694, 0.75, 0.75, 0.076018466485784, NULL, NULL),
(100695, 0.5, 0.75, 0.11669798876337, NULL, NULL),
(100696, 0.5, 0.75, 0.17060544840068, NULL, NULL),
(100697, 0.25, 0.75, 0.14309484779074, NULL, NULL),
(100698, 0, 0.75, 0.27569912083001, NULL, NULL),
(100699, 0.5, 0, 0.14936877749009, NULL, NULL),
(100700, 0.25, 1, 0.29546538665638, NULL, NULL),
(100701, 0.75, 0.75, 0.1664703791456, NULL, NULL),
(100702, 0.5, 0.25, 0.084232264500782, NULL, NULL),
(100703, 1, 0.75, 0.119719153186, NULL, NULL),
(100704, 0.75, 0.75, 0.069466035032497, NULL, NULL),
(100705, 0.5, 0, 0.14446292796374, NULL, NULL),
(100706, 0.5, 0, 0.25056696017734, NULL, NULL),
(100707, 0.25, 0.75, 0.17040601826241, NULL, NULL),
(100708, 0.75, 0.75, 0.072830882880106, NULL, NULL),
(100709, 0.25, 0.75, 0.19571626509914, NULL, NULL),
(100710, 0.75, 0, 0.17791539058289, NULL, NULL),
(100711, 1, 0.75, 0.19615840358541, NULL, NULL),
(100712, 0.75, 0.75, 0.076018466485784, NULL, NULL),
(100713, 1, 0.75, 0.11342141341069, NULL, NULL),
(100714, 1, 0.25, 0.13648917029031, NULL, NULL),
(100715, 1, 0.75, 0.11342141341069, NULL, NULL),
(100716, 0.25, 0.25, 0.044451660896747, NULL, NULL),
(100717, 0.75, 0.75, 0.056621006981065, NULL, NULL),
(100718, 0.5, 0, 0.35001463333462, NULL, NULL),
(100719, 1, 0.25, 0.22577966530564, NULL, NULL),
(100720, 0.5, 0, 0.2466071016406, NULL, NULL),
(100721, 0.75, 0.5, 0.095128378760396, NULL, NULL),
(100722, 1, 0.25, 0.32358501686392, NULL, NULL),
(100723, 0.75, 0.5, 0.035816026481111, NULL, NULL),
(100724, 0.25, 0, 0.18695120918988, NULL, NULL),
(100725, 0, 0.5, 0.15721187821897, NULL, NULL),
(100726, 0.5, 0.75, 0.11250889547864, NULL, NULL),
(100727, 0.25, 0.75, 0.19571626509914, NULL, NULL),
(100728, 0.5, 0.5, 0.0462625394079, NULL, NULL),
(100729, 0.5, 0.5, 0.1095032413372, NULL, NULL),
(100730, 0.5, 0.25, 0.031414846882906, NULL, NULL),
(100731, 0.75, 0.5, 0.041254033234823, NULL, NULL),
(100732, 1, 0.75, 0.10345117162982, NULL, NULL),
(100733, 0.5, 0.5, 0.0462625394079, NULL, NULL),
(100734, 1, 0.75, 0.119719153186, NULL, NULL),
(100735, 0.75, 0.5, 0.11640336897918, NULL, NULL),
(100736, 1, 0.25, 0.13347336841429, NULL, NULL),
(100737, 0.5, 0.5, 0.087289869946665, NULL, NULL),
(100738, 0.5, 0.5, 0.1397155231991, NULL, NULL),
(100739, 1, 0.75, 0.19927056018545, NULL, NULL),
(100740, 0, 0.25, 0.14433858573064, NULL, NULL),
(100741, 0.5, 0.5, 0.13589392620602, NULL, NULL),
(100742, 1, 0.5, 0.079221667757338, NULL, NULL),
(100743, 1, 0.75, 0.21108904611893, NULL, NULL),
(100744, 0.75, 0.5, 0.11640336897918, NULL, NULL),
(100745, 1, 1, 0.21711875115589, NULL, NULL),
(100746, 1, 0.75, 0.10010889339786, NULL, NULL),
(100747, 1, 0.25, 0.13347336841429, NULL, NULL),
(100748, 0, 0.25, 0.24527731315258, NULL, NULL),
(100749, 0.25, 0.5, 0.14935159578734, NULL, NULL),
(100750, 0.75, 0.25, 0.10936850079332, NULL, NULL),
(100751, 0.25, 0.5, 0.067993743709966, NULL, NULL),
(100752, 0.5, 0.5, 0.0462625394079, NULL, NULL),
(100753, 0.75, 0.25, 0.20324580706853, NULL, NULL),
(100754, 0.25, 0.25, 0.037533313123481, NULL, NULL),
(100755, 0.75, 0.5, 0.055441374637069, NULL, NULL),
(100756, 0.75, 0.25, 0.14116019483395, NULL, NULL),
(100757, 1, 0, 0.36400180545696, NULL, NULL),
(100758, 1, 0.5, 0.088877548977868, NULL, NULL),
(100759, 0.75, 0.5, 0.055441374637069, NULL, NULL),
(100760, 1, 0.25, 0.13648917029031, NULL, NULL),
(100761, 0.5, 1, 0.21210767541812, NULL, NULL),
(100762, 1, 0.25, 0.205533806026, NULL, NULL),
(100763, 0, 0.25, 0.13903281754835, NULL, NULL),
(100764, 1, 0.5, 0.16712863682759, NULL, NULL),
(100765, 0.75, 0.5, 0.035816026481111, NULL, NULL),
(100766, 0, 0.25, 0.16151382414112, NULL, NULL),
(100767, 0.25, 0.5, 0.15008458328565, NULL, NULL),
(100768, 0.25, 0.75, 0.14309484779074, NULL, NULL),
(100769, 1, 0.5, 0.092832094473236, NULL, NULL),
(100770, 0.5, 0, 0.34654183409588, NULL, NULL),
(100771, 0.5, 0.25, 0.10731038411725, NULL, NULL),
(100772, 0.5, 0.5, 0.048058511535363, NULL, NULL),
(100773, 0.25, 0.75, 0.19472484066994, NULL, NULL),
(100774, 1, 0.25, 0.14667013738672, NULL, NULL),
(100775, 0.75, 0.5, 0.041254033234823, NULL, NULL),
(100776, 1, 0.25, 0.19906363969163, NULL, NULL),
(100777, 0.5, 0.25, 0.084232264500782, NULL, NULL),
(100778, 1, 0.5, 0.099044246124985, NULL, NULL),
(100779, 0, 0.5, 0.16151273034396, NULL, NULL),
(100780, 0.75, 0.25, 0.077664253997419, NULL, NULL),
(100781, 0.75, 0.5, 0.1297071087323, NULL, NULL),
(100782, 1, 0.5, 0.082815658329809, NULL, NULL),
(100783, 0.75, 0.75, 0.069466035032497, NULL, NULL),
(100784, 0.75, 0.25, 0.077664253997419, NULL, NULL),
(100785, 1, 0.5, 0.15554461211343, NULL, NULL),
(100786, 1, 0.5, 0.079221667757338, NULL, NULL),
(100787, 1, 0.5, 0.082815658329809, NULL, NULL),
(100788, 1, 0, 0.32865863861948, NULL, NULL),
(100789, 1, 0.25, 0.22577966530564, NULL, NULL),
(100790, 0.75, 0.25, 0.077664253997419, NULL, NULL),
(100791, 1, 0.5, 0.079221667757338, NULL, NULL),
(100792, 0, 0.25, 0.22903044065928, NULL, NULL),
(100793, 0.25, 0.75, 0.17040601826241, NULL, NULL),
(100794, 0.75, 0.75, 0.069466035032497, NULL, NULL),
(100795, 0, 0.5, 0.15721187821897, NULL, NULL),
(100796, 0.25, 0.5, 0.14935159578734, NULL, NULL),
(100797, 1, 0.5, 0.079221667757338, NULL, NULL),
(100798, 1, 0.5, 0.079221667757338, NULL, NULL),
(100799, 1, 0.5, 0.15554461211343, NULL, NULL),
(100800, 0.5, 0.5, 0.048058511535363, NULL, NULL),
(100801, 0.75, 0.25, 0.14014550235479, NULL, NULL),
(100802, 0, 0, 0.32776654568426, NULL, NULL),
(100803, 0.25, 0, 0.26329376562451, NULL, NULL),
(100804, 0.5, 0.75, 0.11250889547864, NULL, NULL),
(100805, 1, 0.75, 0.11342141341069, NULL, NULL),
(100806, 0.75, 0.5, 0.041254033234823, NULL, NULL),
(100807, 0.75, 0.5, 0.035816026481111, NULL, NULL),
(100808, 0.75, 0.5, 0.039081384495818, NULL, NULL),
(100809, 1, 0.25, 0.13347336841429, NULL, NULL),
(100810, 0.5, 0, 0.12009441956339, NULL, NULL),
(100811, 0.75, 0, 0.15061265654123, NULL, NULL),
(100812, 0.5, 0.5, 0.048058511535363, NULL, NULL),
(100813, 0, 0, 0.25622957128467, NULL, NULL),
(100814, 0.5, 0.75, 0.088705454265837, NULL, NULL),
(100815, 0.75, 0.5, 0.035816026481111, NULL, NULL),
(100816, 1, 0, 0.22990413153671, NULL, NULL),
(100817, 0, 0.5, 0.1818405698407, NULL, NULL),
(100818, 0, 0, 0.20932184710615, NULL, NULL),
(100819, 1, 0.25, 0.19906363969163, NULL, NULL),
(100820, 1, 0.5, 0.084833156076931, NULL, NULL),
(100821, 0, 0.5, 0.24843803464882, NULL, NULL),
(100822, 0.75, 0.5, 0.041254033234823, NULL, NULL),
(100823, 0.5, 0.25, 0.10731038411725, NULL, NULL),
(100824, 0.25, 0, 0.1602626628917, NULL, NULL),
(100825, 1, 0.5, 0.17410225677321, NULL, NULL),
(100826, 0.25, 0.5, 0.15008458328565, NULL, NULL),
(100827, 0.25, 0.25, 0.037533313123481, NULL, NULL),
(100828, 0, 0.25, 0.13903281754835, NULL, NULL),
(100829, 0.5, 0.5, 0.0462625394079, NULL, NULL),
(100830, 1, 0, 0.30168826799443, NULL, NULL),
(100831, 0.75, 0.5, 0.039081384495818, NULL, NULL),
(100832, 0, 0.25, 0.19785417569317, NULL, NULL),
(100833, 0.5, 0.5, 0.087289869946665, NULL, NULL),
(100834, 0.25, 0.5, 0.062951273429996, NULL, NULL),
(100835, 1, 0.5, 0.15554461211343, NULL, NULL),
(100836, 0.75, 0.25, 0.077263959322524, NULL, NULL),
(100837, 0, 0.5, 0.23886261281056, NULL, NULL),
(100838, 0.5, 0, 0.23085785268964, NULL, NULL),
(100839, 0, 0, 0.53854939246335, NULL, NULL),
(100840, 1, 0, 0.30243253232396, NULL, NULL),
(100841, 0.25, 0.5, 0.14564587777219, NULL, NULL),
(100842, 0.5, 0.75, 0.18213176076301, NULL, NULL),
(100843, 0.25, 0, 0.11336695685803, NULL, NULL),
(100844, 1, 0.5, 0.092832094473236, NULL, NULL),
(100845, 0.75, 0.5, 0.048926272296494, NULL, NULL),
(100846, 1, 0.25, 0.13347336841429, NULL, NULL),
(100847, 0.75, 0.5, 0.035816026481111, NULL, NULL),
(100848, 0.5, 0, 0.14446292796374, NULL, NULL),
(100849, 0.75, 0.25, 0.077263959322524, NULL, NULL),
(100850, 0.25, 0.5, 0.062951273429996, NULL, NULL),
(100851, 0.5, 0.25, 0.06173967532268, NULL, NULL),
(100852, 0.75, 0.5, 0.035816026481111, NULL, NULL),
(100853, 0, 0, 0.25622957128467, NULL, NULL),
(100854, 0.25, 0.5, 0.18197803345882, NULL, NULL),
(100855, 0.5, 0.25, 0.059862269309604, NULL, NULL),
(100856, 0, 0.25, 0.14433858573064, NULL, NULL),
(100857, 0.75, 0.5, 0.11725498144267, NULL, NULL),
(100858, 0.25, 0.25, 0.044451660896747, NULL, NULL),
(100859, 0, 0.5, 0.15721187821897, NULL, NULL),
(100860, 0, 0, 0.43941117232395, NULL, NULL),
(100861, 1, 0.25, 0.13347336841429, NULL, NULL),
(100862, 1, 0.5, 0.084833156076931, NULL, NULL),
(100863, 0.5, 0, 0.25250113256023, NULL, NULL),
(100864, 0.25, 0.5, 0.067993743709966, NULL, NULL),
(100865, 1, 0.5, 0.16712863682759, NULL, NULL),
(100866, 1, 0.75, 0.11342141341069, NULL, NULL),
(100867, 0.75, 0.25, 0.077664253997419, NULL, NULL),
(100868, 0.5, 0.5, 0.087289869946665, NULL, NULL),
(100869, 0.5, 0.25, 0.11633555925775, NULL, NULL),
(100870, 0, 0.5, 0.22892621765555, NULL, NULL),
(100871, 0, 0.25, 0.21655679648052, NULL, NULL),
(100872, 0.75, 0.5, 0.041254033234823, NULL, NULL),
(100873, 1, 0.5, 0.18810532009329, NULL, NULL),
(100874, 1, 0.75, 0.19615840358541, NULL, NULL),
(100875, 0.25, 0.5, 0.067993743709966, NULL, NULL),
(100876, 0.5, 0.25, 0.031414846882906, NULL, NULL),
(100877, 0.5, 0.5, 0.048058511535363, NULL, NULL),
(100878, 0.75, 0.5, 0.041254033234823, NULL, NULL),
(100879, 0.5, 0.5, 0.070511195588544, NULL, NULL),
(100880, 0.75, 0.5, 0.035816026481111, NULL, NULL),
(100881, 0.75, 0.5, 0.035816026481111, NULL, NULL),
(100882, 0.25, 0.25, 0.12284431619622, NULL, NULL),
(100883, 0, 0, 0.30495650197182, NULL, NULL),
(100884, 1, 0.5, 0.084833156076931, NULL, NULL),
(100885, 0.25, 0.5, 0.062951273429996, NULL, NULL),
(100886, 0.5, 0.25, 0.031414846882906, NULL, NULL),
(100887, 0.5, 0.5, 0.0462625394079, NULL, NULL),
(100888, 0.25, 0.25, 0.044451660896747, NULL, NULL),
(100889, 0.25, 0.25, 0.12284431619622, NULL, NULL),
(100890, 0, 0.25, 0.24122614876714, NULL, NULL),
(100891, 0, 0.25, 0.19114795151846, NULL, NULL),
(100892, 1, 0.75, 0.119719153186, NULL, NULL),
(100893, 0, 0, 0.22877301776894, NULL, NULL),
(100894, 1, 0.5, 0.084833156076931, NULL, NULL),
(100895, 0, 0.75, 0.27569912083001, NULL, NULL),
(100896, 1, 0.75, 0.10010889339786, NULL, NULL),
(100897, 0.5, 0.5, 0.13589392620602, NULL, NULL),
(100898, 0.25, 0, 0.18695120918988, NULL, NULL),
(100899, 0.5, 0.75, 0.099467295074352, NULL, NULL),
(100900, 0.25, 0.25, 0.044451660896747, NULL, NULL),
(100901, 0.75, 0.25, 0.20324580706853, NULL, NULL),
(100902, 0.5, 0.5, 0.048058511535363, NULL, NULL),
(100903, 1, 0.75, 0.11342141341069, NULL, NULL),
(100904, 0, 0.25, 0.18586669890463, NULL, NULL),
(100905, 0, 0.75, 0.30763443554954, NULL, NULL),
(100906, 1, 0.5, 0.14923278914071, NULL, NULL),
(100907, 1, 0.5, 0.099044246124985, NULL, NULL),
(100908, 1, 0.5, 0.16712863682759, NULL, NULL),
(100909, 1, 0.75, 0.19615840358541, NULL, NULL),
(100910, 0.5, 0.5, 0.070511195588544, NULL, NULL),
(100911, 0.5, 0.25, 0.031414846882906, NULL, NULL),
(100912, 0.75, 0, 0.2692247365358, NULL, NULL),
(100913, 0.5, 0.25, 0.18509723078208, NULL, NULL),
(100914, 0.75, 0.5, 0.11725498144267, NULL, NULL),
(100915, 0.5, 0.5, 0.0462625394079, NULL, NULL),
(100916, 0, 0.25, 0.14433858573064, NULL, NULL),
(100917, 1, 0.5, 0.15554461211343, NULL, NULL),
(100918, 1, 0.5, 0.14587968472078, NULL, NULL),
(100919, 0.25, 0, 0.36436143562424, NULL, NULL),
(100920, 0.25, 0.25, 0.067793155133435, NULL, NULL),
(100921, 0.25, 0.5, 0.062951273429996, NULL, NULL),
(100922, 1, 0.5, 0.084833156076931, NULL, NULL),
(100923, 1, 0.5, 0.084833156076931, NULL, NULL),
(100924, 0.5, 0.25, 0.054188947063599, NULL, NULL),
(100925, 0, 0.25, 0.13903281754835, NULL, NULL),
(100926, 1, 0.5, 0.088877548977868, NULL, NULL),
(100927, 0, 0, 0.4298585791335, NULL, NULL),
(100928, 0.5, 0.25, 0.11633555925775, NULL, NULL),
(100929, 0.25, 0, 0.13030100642087, NULL, NULL),
(100930, 1, 0.5, 0.084833156076931, NULL, NULL),
(100931, 0.75, 0.5, 0.045410726727057, NULL, NULL),
(100932, 0.25, 0, 0.26140821315563, NULL, NULL),
(100933, 0.25, 0.25, 0.044451660896747, NULL, NULL),
(100934, 0.75, 0.5, 0.048926272296494, NULL, NULL),
(100935, 0, 0.25, 0.14433858573064, NULL, NULL),
(100936, 1, 0.75, 0.11342141341069, NULL, NULL),
(100937, 1, 0.25, 0.18373046825581, NULL, NULL),
(100938, 0.25, 0, 0.34691335694076, NULL, NULL),
(100939, 1, 0.5, 0.079221667757338, NULL, NULL),
(100940, 0.5, 0.75, 0.09097474399488, NULL, NULL),
(100941, 1, 0.5, 0.084833156076931, NULL, NULL),
(100942, 0.5, 0.75, 0.11669798876337, NULL, NULL),
(100943, 0.5, 0.25, 0.13091658061277, NULL, NULL),
(100944, 0.5, 0, 0.32709635127414, NULL, NULL),
(100945, 0.75, 0.5, 0.035816026481111, NULL, NULL),
(100946, 0.5, 0.25, 0.054188947063599, NULL, NULL),
(100947, 0.75, 0, 0.20331581498419, NULL, NULL),
(100948, 0.5, 0.25, 0.037339810911205, NULL, NULL),
(100949, 0.25, 0.25, 0.08646375175165, NULL, NULL),
(100950, 0.5, 0.25, 0.078688238949631, NULL, NULL),
(100951, 1, 0.25, 0.18373046825581, NULL, NULL),
(100952, 0.75, 0.5, 0.11640336897918, NULL, NULL),
(100953, 1, 0.25, 0.18228128056592, NULL, NULL),
(100954, 0.75, 0.75, 0.076018466485784, NULL, NULL),
(100955, 0, 0.25, 0.36648376740344, NULL, NULL),
(100956, 0.75, 0, 0.15061265654123, NULL, NULL),
(100957, 0.5, 0.25, 0.06173967532268, NULL, NULL),
(100958, 0.25, 0, 0.13218452669096, NULL, NULL),
(100959, 0.5, 0.5, 0.048058511535363, NULL, NULL),
(100960, 1, 0.25, 0.13648917029031, NULL, NULL),
(100961, 1, 0.25, 0.18373046825581, NULL, NULL),
(100962, 0.25, 0.25, 0.037533313123481, NULL, NULL),
(100963, 1, 0.25, 0.24486024070032, NULL, NULL),
(100964, 0.5, 0.25, 0.031414846882906, NULL, NULL),
(100965, 0.5, 0.5, 0.087289869946665, NULL, NULL),
(100966, 1, 0.5, 0.082815658329809, NULL, NULL),
(100967, 0, 0.25, 0.14433858573064, NULL, NULL),
(100968, 0, 0.25, 0.24821705050728, NULL, NULL),
(100969, 0.5, 1, 0.2783487641914, NULL, NULL),
(100970, 0.25, 0.5, 0.067993743709966, NULL, NULL),
(100971, 1, 0.25, 0.13648917029031, NULL, NULL),
(100972, 0, 0.5, 0.1818405698407, NULL, NULL),
(100973, 0.5, 0, 0.41516011596846, NULL, NULL),
(100974, 0, 0, 0.25125910303564, NULL, NULL);

-- --------------------------------------------------------

--
-- Table structure for table `random`
--

CREATE TABLE `random` (
  `id` int(11) NOT NULL,
  `data` float DEFAULT NULL
) ENGINE=InnoDB DEFAULT CHARSET=utf8mb4;

--
-- Dumping data for table `random`
--

INSERT INTO `random` (`id`, `data`) VALUES
(22730, 0.347),
(22731, 0.913),
(22732, 0.56),
(22733, 0.91),
(22734, 0.239),
(22735, 0.894),
(22736, 0.835),
(22737, 0.401),
(22738, 0.743),
(22739, 0.753),
(22740, 0.716),
(22741, 0.376),
(22742, 0.961),
(22743, 0.162),
(22744, 0.815),
(22745, 0.23),
(22746, 0.38),
(22747, 0.129),
(22748, 0.465),
(22749, 0.796),
(22750, 0.315),
(22751, 0.289),
(22752, 0.937),
(22753, 0.51),
(22754, 0.426),
(22755, 0.935),
(22756, 0.053),
(22757, 0.956),
(22758, 0.402),
(22759, 0.645),
(22760, 0.719),
(22761, 0.381),
(22762, 0.612),
(22763, 0.043),
(22764, 0.382),
(22765, 0.697),
(22766, 0.468),
(22767, 0.561),
(22768, 0.971),
(22769, 0.139),
(22770, 0.534),
(22771, 0.75),
(22772, 0.458),
(22773, 0.597),
(22774, 0.105),
(22775, 0.096),
(22776, 0.037),
(22777, 0.145),
(22778, 0.65),
(22779, 0.821),
(22780, 0.897),
(22781, 0.946),
(22782, 0.046),
(22783, 0.569),
(22784, 0.305),
(22785, 0.024),
(22786, 0.374),
(22787, 0.307),
(22788, 0.683),
(22789, 0.835),
(22790, 0.95),
(22791, 0.468),
(22792, 0.763),
(22793, 0.921),
(22794, 0.031),
(22795, 0.087),
(22796, 0.342),
(22797, 0.369),
(22798, 0.265),
(22799, 0.863),
(22800, 0.409),
(22801, 0.136),
(22802, 0.95),
(22803, 0.906),
(22804, 0.049),
(22805, 0.037),
(22806, 0.621),
(22807, 0.436),
(22808, 0.231),
(22809, 0.35),
(22810, 0.364),
(22811, 0.016),
(22812, 0.316),
(22813, 0.309),
(22814, 0.057),
(22815, 0.183),
(22816, 0.754),
(22817, 0.869),
(22818, 0.021),
(22819, 0.159),
(22820, 0.905),
(22821, 0.104),
(22822, 0.951),
(22823, 0.027),
(22824, 0.938),
(22825, 0.715),
(22826, 0.612),
(22827, 0.69),
(22828, 0.481),
(22829, 0.917),
(22830, 0.697),
(22831, 0.219),
(22832, 0.094),
(22833, 0.249),
(22834, 0.652),
(22835, 0.923),
(22836, 0.372),
(22837, 0.42),
(22838, 0.589),
(22839, 0.165),
(22840, 0.257),
(22841, 0.702),
(22842, 0.671),
(22843, 0.608),
(22844, 0.678),
(22845, 0.14),
(22846, 0.135),
(22847, 0.697),
(22848, 0.436),
(22849, 0.147),
(22850, 0.283),
(22851, 0.617),
(22852, 0.398),
(22853, 0.486),
(22854, 0.901),
(22855, 0.741),
(22856, 0.329),
(22857, 0.619),
(22858, 0.758),
(22859, 0.204),
(22860, 0.504),
(22861, 0.302),
(22862, 0.823),
(22863, 0.046),
(22864, 0.049),
(22865, 0.378),
(22866, 0.785),
(22867, 0.024),
(22868, 0.457),
(22869, 0.379),
(22870, 0.158),
(22871, 0.34),
(22872, 0.628),
(22873, 0.508),
(22874, 0.25),
(22875, 0.324),
(22876, 0.75),
(22877, 0.648),
(22878, 0.732),
(22879, 0.847),
(22880, 0.51),
(22881, 0.978),
(22882, 0.045),
(22883, 0.426),
(22884, 0.138),
(22885, 0.543),
(22886, 0.43),
(22887, 0.925),
(22888, 0.168),
(22889, 0.79),
(22890, 0.437),
(22891, 0.592),
(22892, 0.165),
(22893, 0.985),
(22894, 0.478),
(22895, 0.842),
(22896, 0.491),
(22897, 0.38),
(22898, 0.61),
(22899, 0.058),
(22900, 0.168),
(22901, 0.961),
(22902, 0.764),
(22903, 0.769),
(22904, 0.753),
(22905, 0.853),
(22906, 0.053),
(22907, 0.52),
(22908, 0.906),
(22909, 0.063),
(22910, 0.736),
(22911, 0.902),
(22912, 0.106),
(22913, 0.034),
(22914, 0.602),
(22915, 0.926),
(22916, 0.961),
(22917, 0.216),
(22918, 0.462),
(22919, 0.269),
(22920, 0.108),
(22921, 0.493),
(22922, 0.982),
(22923, 0.017),
(22924, 0.64),
(22925, 0.754),
(22926, 0.714),
(22927, 0.536),
(22928, 0.893),
(22929, 0.036),
(22930, 0.193),
(22931, 0.876),
(22932, 0.651),
(22933, 0.528),
(22934, 0.293),
(22935, 0.251),
(22936, 0.409),
(22937, 0.75),
(22938, 0.734),
(22939, 0.468),
(22940, 0.703),
(22941, 0.024),
(22942, 0.864),
(22943, 0.814),
(22944, 0.276),
(22945, 0.572),
(22946, 0.701),
(22947, 0.438),
(22948, 0.703),
(22949, 0.896),
(22950, 0.629),
(22951, 0.219),
(22952, 0.078),
(22953, 0.932),
(22954, 0.712),
(22955, 0.672),
(22956, 0.246),
(22957, 0.358),
(22958, 0.975),
(22959, 0.953),
(22960, 0.396),
(22961, 0.617),
(22962, 0.284),
(22963, 0.328),
(22964, 0.637),
(22965, 0.502),
(22966, 0.968),
(22967, 0.971),
(22968, 0.817),
(22969, 0.169),
(22970, 0.946),
(22971, 0.862),
(22972, 0.305),
(22973, 0.089),
(22974, 0.618),
(22975, 0.45),
(22976, 0.902),
(22977, 0.209),
(22978, 0.165),
(22979, 0.182),
(22980, 0.835),
(22981, 0.264),
(22982, 0.479),
(22983, 0.514),
(22984, 0.398),
(22985, 0.406),
(22986, 0.63),
(22987, 0.463),
(22988, 0.059),
(22989, 0.801),
(22990, 0.652),
(22991, 0.739),
(22992, 0.754),
(22993, 0.608),
(22994, 0.67),
(22995, 0.824),
(22996, 0.487),
(22997, 0.84),
(22998, 0.362),
(22999, 0.978),
(23000, 0.679),
(23001, 0.675),
(23002, 0.854),
(23003, 0.823),
(23004, 0.518),
(23005, 0.396),
(23006, 0.908),
(23007, 0.624),
(23008, 0.635),
(23009, 0.364),
(23010, 0.246),
(23011, 0.659),
(23012, 0.051),
(23013, 0.437),
(23014, 0.602),
(23015, 0.206),
(23016, 0.57),
(23017, 0.849),
(23018, 0.678),
(23019, 0.852),
(23020, 0.768),
(23021, 0.483),
(23022, 0.157),
(23023, 0.592),
(23024, 0.581),
(23025, 0.468),
(23026, 0.318),
(23027, 0.254),
(23028, 0.352),
(23029, 0.756),
(23030, 0.74),
(23031, 0.847),
(23032, 0.864),
(23033, 0.364),
(23034, 0.349),
(23035, 0.841),
(23036, 0.836),
(23037, 0.205),
(23038, 0.691),
(23039, 0.953),
(23040, 0.376),
(23041, 0.753),
(23042, 0.951),
(23043, 0.314),
(23044, 0.591),
(23045, 0.186),
(23046, 0.348),
(23047, 0.503),
(23048, 0.496),
(23049, 0.867),
(23050, 0.065),
(23051, 0.53),
(23052, 0.193),
(23053, 0.129),
(23054, 0.893),
(23055, 0.183),
(23056, 0.869),
(23057, 0.659),
(23058, 0.386),
(23059, 0.947),
(23060, 0.123),
(23061, 0.296),
(23062, 0.53),
(23063, 0.016),
(23064, 0.713),
(23065, 0.795),
(23066, 0.839),
(23067, 0.84),
(23068, 0.601),
(23069, 0.793),
(23070, 0.59),
(23071, 0.927),
(23072, 0.302),
(23073, 0.287),
(23074, 0.638),
(23075, 0.178),
(23076, 0.704),
(23077, 0.398),
(23078, 0.78),
(23079, 0.103),
(23080, 0.305),
(23081, 0.153),
(23082, 0.71),
(23083, 0.21),
(23084, 0.301),
(23085, 0.285),
(23086, 0.976),
(23087, 0.69),
(23088, 0.975),
(23089, 0.139),
(23090, 0.685),
(23091, 0.893),
(23092, 0.91),
(23093, 0.402),
(23094, 0.928),
(23095, 0.164),
(23096, 0.753),
(23097, 0.843),
(23098, 0.761),
(23099, 0.34),
(23100, 0.614),
(23101, 0.042),
(23102, 0.541),
(23103, 0.495),
(23104, 0.285),
(23105, 0.702),
(23106, 0.834),
(23107, 0.124),
(23108, 0.675),
(23109, 0.128),
(23110, 0.361),
(23111, 0.046),
(23112, 0.951),
(23113, 0.157),
(23114, 0.065),
(23115, 0.195),
(23116, 0.813),
(23117, 0.781),
(23118, 0.832),
(23119, 0.735),
(23120, 0.907),
(23121, 0.85),
(23122, 0.241),
(23123, 0.52),
(23124, 0.327),
(23125, 0.861),
(23126, 0.964),
(23127, 0.639),
(23128, 0.893),
(23129, 0.945),
(23130, 0.318),
(23131, 0.203),
(23132, 0.596),
(23133, 0.512),
(23134, 0.098),
(23135, 0.847),
(23136, 0.65),
(23137, 0.846),
(23138, 0.671),
(23139, 0.957),
(23140, 0.126),
(23141, 0.506),
(23142, 0.485),
(23143, 0.078),
(23144, 0.962),
(23145, 0.015),
(23146, 0.021),
(23147, 0.49),
(23148, 0.629),
(23149, 0.608),
(23150, 0.86),
(23151, 0.743);

-- --------------------------------------------------------

--
-- Table structure for table `random2`
--

CREATE TABLE `random2` (
  `id` int(11) NOT NULL,
  `data` double NOT NULL
) ENGINE=InnoDB DEFAULT CHARSET=utf8mb4;

--
-- Dumping data for table `random2`
--

INSERT INTO `random2` (`id`, `data`) VALUES
(22670, 0.726),
(22671, 0.058),
(22672, 0.754),
(22673, 0.914),
(22674, 0.301),
(22675, 0.147),
(22676, 0.289),
(22677, 0.639),
(22678, 0.613),
(22679, 0.613),
(22680, 0.546),
(22681, 0.876),
(22682, 0.457),
(22683, 0.624),
(22684, 0.187),
(22685, 0.753),
(22686, 0.583),
(22687, 0.273),
(22688, 0.213),
(22689, 0.435),
(22690, 0.251),
(22691, 0.928),
(22692, 0.37),
(22693, 0.098),
(22694, 0.208),
(22695, 0.135),
(22696, 0.068),
(22697, 0.507),
(22698, 0.247),
(22699, 0.426),
(22700, 0.947),
(22701, 0.13),
(22702, 0.685),
(22703, 0.504),
(22704, 0.31),
(22705, 0.78),
(22706, 0.806),
(22707, 0.126),
(22708, 0.625),
(22709, 0.126),
(22710, 0.835),
(22711, 0.708),
(22712, 0.973),
(22713, 0.697),
(22714, 0.396),
(22715, 0.875),
(22716, 0.127),
(22717, 0.859),
(22718, 0.534),
(22719, 0.328),
(22720, 0.679),
(22721, 0.154),
(22722, 0.231),
(22723, 0.769),
(22724, 0.218),
(22725, 0.762),
(22726, 0.304),
(22727, 0.045),
(22728, 0.543),
(22729, 0.45),
(22730, 0.641),
(22731, 0.421),
(22732, 0.812),
(22733, 0.902),
(22734, 0.876),
(22735, 0.621),
(22736, 0.673),
(22737, 0.539),
(22738, 0.356),
(22739, 0.432),
(22740, 0.127),
(22741, 0.245),
(22742, 0.348),
(22743, 0.273),
(22744, 0.902),
(22745, 0.596),
(22746, 0.361),
(22747, 0.518),
(22748, 0.341),
(22749, 0.961),
(22750, 0.78),
(22751, 0.179),
(22752, 0.61),
(22753, 0.415),
(22754, 0.162),
(22755, 0.391),
(22756, 0.23),
(22757, 0.738),
(22758, 0.012),
(22759, 0.645),
(22760, 0.709),
(22761, 0.125),
(22762, 0.419),
(22763, 0.958),
(22764, 0.389),
(22765, 0.503),
(22766, 0.285),
(22767, 0.27),
(22768, 0.072),
(22769, 0.089),
(22770, 0.894),
(22771, 0.563),
(22772, 0.261),
(22773, 0.387),
(22774, 0.376),
(22775, 0.206),
(22776, 0.713),
(22777, 0.019),
(22778, 0.473),
(22779, 0.946),
(22780, 0.423),
(22781, 0.315),
(22782, 0.72),
(22783, 0.42),
(22784, 0.081),
(22785, 0.617),
(22786, 0.569),
(22787, 0.14),
(22788, 0.402),
(22789, 0.781),
(22790, 0.579),
(22791, 0.957),
(22792, 0.968),
(22793, 0.586),
(22794, 0.176),
(22795, 0.823),
(22796, 0.803),
(22797, 0.965),
(22798, 0.031),
(22799, 0.921),
(22800, 0.189),
(22801, 0.59),
(22802, 0.931),
(22803, 0.725),
(22804, 0.706),
(22805, 0.469),
(22806, 0.942),
(22807, 0.971),
(22808, 0.73),
(22809, 0.837),
(22810, 0.536),
(22811, 0.943),
(22812, 0.571),
(22813, 0.012),
(22814, 0.923),
(22815, 0.059),
(22816, 0.472),
(22817, 0.128),
(22818, 0.209),
(22819, 0.234),
(22820, 0.91),
(22821, 0.298),
(22822, 0.093),
(22823, 0.382),
(22824, 0.65),
(22825, 0.687),
(22826, 0.257),
(22827, 0.023),
(22828, 0.976),
(22829, 0.435),
(22830, 0.945),
(22831, 0.294),
(22832, 0.402),
(22833, 0.783),
(22834, 0.241),
(22835, 0.402),
(22836, 0.017),
(22837, 0.648),
(22838, 0.075),
(22839, 0.374),
(22840, 0.472),
(22841, 0.86),
(22842, 0.609),
(22843, 0.452),
(22844, 0.705),
(22845, 0.845),
(22846, 0.057),
(22847, 0.607),
(22848, 0.792),
(22849, 0.162),
(22850, 0.362),
(22851, 0.604),
(22852, 0.984),
(22853, 0.21),
(22854, 0.51),
(22855, 0.376),
(22856, 0.613),
(22857, 0.102),
(22858, 0.812),
(22859, 0.305),
(22860, 0.874),
(22861, 0.376),
(22862, 0.019),
(22863, 0.892),
(22864, 0.279),
(22865, 0.723),
(22866, 0.85),
(22867, 0.951),
(22868, 0.972),
(22869, 0.197),
(22870, 0.285),
(22871, 0.287),
(22872, 0.649),
(22873, 0.132),
(22874, 0.045),
(22875, 0.149),
(22876, 0.395),
(22877, 0.38),
(22878, 0.927),
(22879, 0.824),
(22880, 0.258),
(22881, 0.652),
(22882, 0.143),
(22883, 0.841),
(22884, 0.524),
(22885, 0.745),
(22886, 0.951),
(22887, 0.102),
(22888, 0.286),
(22889, 0.394),
(22890, 0.149),
(22891, 0.207),
(22892, 0.152),
(22893, 0.25),
(22894, 0.269),
(22895, 0.789),
(22896, 0.365),
(22897, 0.098),
(22898, 0.478),
(22899, 0.579),
(22900, 0.762),
(22901, 0.591),
(22902, 0.791),
(22903, 0.406),
(22904, 0.157),
(22905, 0.527),
(22906, 0.408),
(22907, 0.267),
(22908, 0.387),
(22909, 0.276),
(22910, 0.046),
(22911, 0.45),
(22912, 0.091),
(22913, 0.618),
(22914, 0.325),
(22915, 0.925),
(22916, 0.479),
(22917, 0.035),
(22918, 0.29),
(22919, 0.391),
(22920, 0.962),
(22921, 0.326),
(22922, 0.198),
(22923, 0.465),
(22924, 0.486),
(22925, 0.638),
(22926, 0.215),
(22927, 0.372),
(22928, 0.356),
(22929, 0.271),
(22930, 0.248),
(22931, 0.57),
(22932, 0.305),
(22933, 0.928),
(22934, 0.57),
(22935, 0.927),
(22936, 0.568),
(22937, 0.689),
(22938, 0.804),
(22939, 0.205),
(22940, 0.403),
(22941, 0.875),
(22942, 0.064),
(22943, 0.581),
(22944, 0.068),
(22945, 0.071),
(22946, 0.397),
(22947, 0.786),
(22948, 0.342),
(22949, 0.892),
(22950, 0.908),
(22951, 0.748),
(22952, 0.097),
(22953, 0.426),
(22954, 0.365),
(22955, 0.674),
(22956, 0.208),
(22957, 0.491),
(22958, 0.579),
(22959, 0.572),
(22960, 0.41),
(22961, 0.685),
(22962, 0.108),
(22963, 0.723),
(22964, 0.854),
(22965, 0.813),
(22966, 0.985),
(22967, 0.89),
(22968, 0.69),
(22969, 0.032),
(22970, 0.356),
(22971, 0.054),
(22972, 0.689),
(22973, 0.415),
(22974, 0.546),
(22975, 0.571),
(22976, 0.219),
(22977, 0.042),
(22978, 0.965),
(22979, 0.71),
(22980, 0.98),
(22981, 0.176),
(22982, 0.715),
(22983, 0.16),
(22984, 0.427),
(22985, 0.358),
(22986, 0.241),
(22987, 0.315),
(22988, 0.207),
(22989, 0.821),
(22990, 0.018),
(22991, 0.526),
(22992, 0.439),
(22993, 0.275),
(22994, 0.359),
(22995, 0.625),
(22996, 0.823),
(22997, 0.617),
(22998, 0.782),
(22999, 0.271),
(23000, 0.756),
(23001, 0.329),
(23002, 0.126),
(23003, 0.495),
(23004, 0.802),
(23005, 0.975),
(23006, 0.054),
(23007, 0.691),
(23008, 0.835),
(23009, 0.326),
(23010, 0.068),
(23011, 0.057),
(23012, 0.357),
(23013, 0.065),
(23014, 0.824),
(23015, 0.346),
(23016, 0.456),
(23017, 0.823),
(23018, 0.298),
(23019, 0.035),
(23020, 0.926),
(23021, 0.097),
(23022, 0.52),
(23023, 0.231),
(23024, 0.462),
(23025, 0.087),
(23026, 0.814),
(23027, 0.59),
(23028, 0.372),
(23029, 0.408),
(23030, 0.508),
(23031, 0.106),
(23032, 0.482),
(23033, 0.386),
(23034, 0.201),
(23035, 0.275),
(23036, 0.938),
(23037, 0.208),
(23038, 0.781),
(23039, 0.265),
(23040, 0.257),
(23041, 0.528),
(23042, 0.145),
(23043, 0.905),
(23044, 0.82),
(23045, 0.562),
(23046, 0.201),
(23047, 0.901),
(23048, 0.652),
(23049, 0.168),
(23050, 0.74),
(23051, 0.572),
(23052, 0.183),
(23053, 0.512),
(23054, 0.713),
(23055, 0.653),
(23056, 0.631),
(23057, 0.307),
(23058, 0.95),
(23059, 0.964),
(23060, 0.061),
(23061, 0.701),
(23062, 0.563),
(23063, 0.94),
(23064, 0.462),
(23065, 0.896),
(23066, 0.649),
(23067, 0.019),
(23068, 0.576),
(23069, 0.317),
(23070, 0.578),
(23071, 0.951),
(23072, 0.291),
(23073, 0.537),
(23074, 0.456),
(23075, 0.937),
(23076, 0.829),
(23077, 0.153),
(23078, 0.046),
(23079, 0.94),
(23080, 0.752),
(23081, 0.58),
(23082, 0.794),
(23083, 0.351),
(23084, 0.269),
(23085, 0.698),
(23086, 0.68),
(23087, 0.689),
(23088, 0.905),
(23089, 0.83),
(23090, 0.27),
(23091, 0.321);

-- --------------------------------------------------------

--
-- Table structure for table `siswa`
--

CREATE TABLE `siswa` (
  `id_siswa` int(11) NOT NULL,
  `nama` varchar(128) NOT NULL,
  `jk` varchar(128) NOT NULL,
  `nis` int(123) NOT NULL,
  `kelas_id` int(20) DEFAULT NULL,
  `tahun_angkatan` int(128) NOT NULL,
  `nama_beasiswa` varchar(128) NOT NULL,
  `tahun_beasiswa` int(128) NOT NULL,
  `tanggungan_ortu` decimal(4,2) NOT NULL,
  `penghasilan_ortu` decimal(4,2) NOT NULL,
  `tagihan_air` decimal(4,2) NOT NULL,
  `tagihan_listrik` decimal(4,2) NOT NULL,
  `nilai_raport` decimal(4,2) NOT NULL,
  `id_kriteria` int(11) DEFAULT NULL,
  `id_perhitungan` int(11) DEFAULT NULL
) ENGINE=InnoDB DEFAULT CHARSET=utf8mb4;

--
-- Dumping data for table `siswa`
--

INSERT INTO `siswa` (`id_siswa`, `nama`, `jk`, `nis`, `kelas_id`, `tahun_angkatan`, `nama_beasiswa`, `tahun_beasiswa`, `tanggungan_ortu`, `penghasilan_ortu`, `tagihan_air`, `tagihan_listrik`, `nilai_raport`, `id_kriteria`, `id_perhitungan`) VALUES
(104, 'Marcelia Mari Rae', 'Perempuan', 15104, 15, 2019, 'PIP', 2020, '1.00', '0.50', '0.75', '0.75', '0.50', NULL, NULL),
(105, 'Max Robinson Tagih', 'Laki - Laki', 21344, 18, 2019, 'PIP', 2020, '0.75', '0.25', '0.25', '0.00', '0.50', NULL, NULL),
(106, 'Antonia Akuilina Elsa', 'Perempuan', 14910, 18, 2019, 'PIP', 2020, '0.50', '0.75', '0.75', '0.75', '0.75', NULL, NULL),
(107, 'Esther Laure', 'Perempuan', 15105, 18, 2019, 'PIP', 2020, '0.25', '0.50', '0.75', '0.50', '0.25', NULL, NULL),
(108, 'Sonia Agnes Nanotek', 'Perempuan', 21946, 18, 2019, 'PIP', 2020, '0.75', '0.75', '0.50', '0.75', '0.50', NULL, NULL),
(109, 'Bryan Julio Oematan', 'Laki - Laki', 32299, 18, 2019, 'PIP', 2020, '0.75', '0.50', '0.50', '0.75', '0.75', NULL, NULL),
(110, 'Esterranda Afri Bella', 'Perempuan', 14988, 18, 2019, 'PIP', 2020, '0.50', '0.25', '0.50', '0.50', '1.00', NULL, NULL),
(111, 'Brigitta Jesica Faot', 'Perempuan', 25998, 18, 2019, 'PIP', 2020, '0.25', '0.50', '0.25', '0.00', '0.75', NULL, NULL),
(112, 'Mesandra Boimau', 'Perempuan', 21345, 18, 2019, 'PIP', 2020, '1.00', '0.75', '0.75', '0.75', '0.25', NULL, NULL),
(113, 'Nadine Greta Esther Letty', 'Perempuan', 21945, 18, 2019, 'PIP', 2020, '0.50', '0.50', '0.75', '0.75', '0.50', NULL, NULL),
(114, 'Evered P. O. Haning', 'Laki - Laki', 10547, 18, 2019, 'PIP', 2020, '0.75', '0.75', '0.25', '0.25', '0.75', NULL, NULL),
(115, 'Muhammad Lukman Bali', 'Laki - Laki', 10548, 18, 2019, 'PIP', 2020, '0.50', '0.75', '0.75', '0.50', '0.50', NULL, NULL),
(116, 'Sonia Anja Indira Da', 'Perempuan', 11878, 18, 2019, '2020', 2020, '0.75', '0.00', '0.50', '0.50', '0.75', NULL, NULL),
(117, 'Santo Yosep Herin', 'Laki - Laki', 12175, 18, 2019, 'PIP', 2020, '0.50', '0.75', '0.75', '0.50', '0.75', NULL, NULL),
(118, 'Antonia Bana', 'Perempuan', 11957, 22, 2019, 'PIP', 2020, '0.50', '0.75', '0.50', '0.50', '0.50', NULL, NULL),
(119, 'Tereza A. Muda Rihi', 'Laki - Laki', 21961, 17, 2019, 'PIP', 2020, '0.50', '0.25', '0.75', '0.50', '0.75', NULL, NULL),
(120, 'Marshalinda B. P. Fudiko', 'Perempuan', 15125, 17, 2019, 'PIP', 2020, '1.00', '0.25', '0.50', '0.50', '1.00', NULL, NULL),
(121, 'Hilyatus Faradiba', 'Perempuan', 21964, 17, 2019, 'PIP', 2020, '0.75', '0.50', '0.50', '0.50', '0.75', NULL, NULL),
(122, 'Amogasida Adventus Har', 'Perempuan', 29623, 17, 2019, 'PIP', 2020, '0.75', '0.00', '0.50', '0.25', '0.75', NULL, NULL),
(123, 'Leonardo Soares', 'Laki - Laki', 32084, 17, 2019, 'PIP', 2020, '0.75', '0.50', '0.75', '0.75', '1.00', NULL, NULL),
(124, 'Adriyan Dasley Sanak', 'Laki - Laki', 21612, 17, 2019, 'PIP', 2020, '0.75', '0.25', '0.50', '0.50', '0.75', NULL, NULL),
(125, 'Agata Hardiyana', 'Perempuan', 21615, 17, 2019, 'PIP', 2020, '0.50', '0.75', '0.75', '0.50', '0.50', NULL, NULL),
(126, 'Joy Graceani Soleman', 'Perempuan', 12500, 22, 2019, 'PIP', 2020, '0.25', '0.75', '0.75', '0.75', '1.00', NULL, NULL),
(127, 'Dona. A.A Gawalu', 'Perempuan', 12062, 22, 2019, 'PIP', 2020, '1.00', '0.50', '0.50', '0.50', '0.50', NULL, NULL),
(128, 'Josef Mario Seran Nuak', 'Laki - Laki', 12136, 22, 2019, 'PIP', 2020, '0.50', '0.75', '0.25', '0.50', '0.50', NULL, NULL),
(129, 'Lind Yohana', 'Perempuan', 12045, 22, 2019, 'PIP', 2020, '0.75', '0.25', '0.50', '0.25', '1.00', NULL, NULL),
(130, 'Maria F. H. Lando', 'Perempuan', 15112, 22, 2019, 'PIP', 2020, '0.00', '0.00', '0.50', '0.50', '0.50', NULL, NULL),
(131, 'Dhea Natalia Feoh Anin', 'Perempuan', 10544, 22, 2019, 'PIP', 2020, '0.50', '0.75', '0.50', '0.50', '0.75', NULL, NULL),
(132, 'Yusrini Pindi njola', 'Perempuan', 11879, 19, 2019, 'PIP', 2020, '0.50', '0.75', '0.50', '0.50', '0.50', NULL, NULL),
(133, 'Martha Diana Laaull', 'Perempuan', 21618, 17, 2019, 'PIP', 2020, '1.00', '0.75', '0.75', '0.75', '0.75', NULL, NULL),
(134, 'Mochammad Ade Rahan', 'Laki - Laki', 32072, 17, 2019, '2020', 2019, '0.25', '0.50', '0.50', '0.50', '0.50', NULL, NULL),
(135, 'Mahdalena Madeli', 'Perempuan', 11284, 17, 2019, 'PIP', 2020, '0.25', '0.25', '0.25', '0.25', '0.50', NULL, NULL),
(136, 'Aldi Muhaimin Kusuma', 'Laki - Laki', 31113, 17, 2019, 'PIP', 2020, '0.50', '0.00', '0.25', '0.25', '1.00', NULL, NULL),
(137, 'Marlon CH Mbuilima', 'Laki - Laki', 21950, 17, 2019, 'PIP', 2020, '1.00', '0.00', '0.25', '0.25', '0.75', NULL, NULL),
(138, 'Marsalina Tei', 'Perempuan', 21955, 22, 2019, 'PIP', 2020, '1.00', '0.75', '0.75', '0.50', '0.50', NULL, NULL),
(139, 'Rista Angelina Seo', 'Perempuan', 21366, 17, 2019, 'PIP', 2020, '0.75', '0.25', '0.50', '0.50', '0.75', NULL, NULL),
(140, 'Moreno Elbert Julio', 'Laki - Laki', 12231, 17, 2019, 'PIP', 2020, '0.00', '0.25', '0.50', '0.50', '0.50', NULL, NULL),
(141, 'Rekardina Enjenita Sila', 'Perempuan', 22643, 17, 2019, 'PIP', 2020, '1.00', '0.25', '0.50', '0.50', '0.75', NULL, NULL),
(142, 'Revalia Wadu', 'Perempuan', 25783, 17, 2019, 'PIP', 2020, '0.50', '0.25', '0.50', '0.50', '0.50', NULL, NULL),
(143, 'Yesmi Marsela Siki', 'Perempuan', 36722, 16, 2019, 'PIP', 2020, '0.50', '0.50', '0.75', '0.50', '0.75', NULL, NULL),
(144, 'Yuni Florida Hois', 'Perempuan', 32077, 22, 2019, 'PIP', 2020, '0.75', '0.75', '0.75', '0.75', '0.75', NULL, NULL),
(145, 'Sandi Fallo', 'Laki - Laki', 21367, 22, 2019, 'PIP', 2020, '0.25', '0.75', '0.75', '0.75', '0.25', NULL, NULL),
(146, 'Benediktus Lake', 'Laki - Laki', 32074, 22, 2019, 'PIP', 2020, '0.50', '0.75', '0.50', '0.50', '0.50', NULL, NULL),
(147, 'Maria Selviana', 'Perempuan', 32032, 22, 2019, 'PIP', 2020, '1.00', '0.75', '0.50', '0.50', '0.25', NULL, NULL),
(148, 'Erna Apriana Modok', 'Perempuan', 14987, 17, 2019, 'PIP', 2020, '0.75', '1.00', '0.75', '0.75', '0.50', NULL, NULL),
(149, 'Beatrix Ramona Manafe', 'Perempuan', 14395, 22, 2019, 'PIP', 2020, '0.75', '0.75', '0.75', '0.50', '0.75', NULL, NULL),
(150, 'Finda Selvya', 'Perempuan', 19183, 20, 2019, 'PIP', 2020, '0.25', '1.00', '0.75', '0.75', '0.75', NULL, NULL),
(151, 'Raisa M. J. Nomeseo', 'Perempuan', 32021, 20, 2019, 'PIP', 2020, '0.75', '0.75', '0.50', '0.75', '0.75', NULL, NULL),
(152, 'Aprison Abraham Tefa', 'Laki - Laki', 14915, 22, 2019, 'PIP', 2020, '1.00', '1.00', '0.75', '0.75', '0.50', NULL, NULL),
(153, 'Aurelia Wunda', 'Perempuan', 14315, 22, 2019, 'PIP', 2020, '1.00', '0.00', '0.50', '0.50', '0.75', NULL, NULL),
(154, 'Miyaty Nabuasa', 'Perempuan', 21333, 22, 2019, 'PIP', 2020, '0.50', '0.00', '0.00', '0.25', '1.00', NULL, NULL),
(155, 'Samuel Brian Marcelo Be', 'Laki - Laki', 21337, 19, 2019, 'PIP', 2020, '0.50', '0.50', '0.25', '0.25', '0.75', NULL, NULL),
(156, 'Ewa Natali Lette', 'Perempuan', 21376, 22, 2019, 'PIP', 2020, '0.50', '0.75', '0.75', '0.50', '0.75', NULL, NULL),
(157, 'Yedi Aristo Tahun', 'Laki - Laki', 14341, 22, 2019, 'PIP', 2020, '1.00', '0.25', '0.75', '0.75', '1.00', NULL, NULL),
(158, 'Marshanda Ananda', 'Perempuan', 21862, 20, 2019, 'PIP', 2020, '0.75', '0.75', '0.75', '0.75', '0.75', NULL, NULL),
(159, 'Yoseph Antonio Frenade', 'Laki - Laki', 15286, 20, 2019, 'PIP', 2020, '0.50', '0.50', '0.75', '0.75', '0.75', NULL, NULL),
(160, 'Delviana Faot', 'Perempuan', 14505, 17, 2019, 'PIP', 2020, '0.75', '0.00', '0.25', '0.25', '1.00', NULL, NULL),
(161, 'Donasya Angki Molle', 'Perempuan', 14391, 22, 2019, 'PIP', 2020, '0.00', '0.00', '0.00', '0.00', '1.00', NULL, NULL),
(162, 'Marianti D. A. Nalle', 'Perempuan', 21378, 20, 2019, 'PIP', 2020, '0.50', '0.00', '0.50', '0.50', '0.75', NULL, NULL),
(163, 'Chintia O. H. Manae', 'Perempuan', 27154, 20, 2019, 'PIP', 2020, '0.75', '0.50', '0.75', '0.50', '0.75', NULL, NULL),
(164, 'Noldi Vian Anin', 'Laki - Laki', 15111, 19, 2019, 'PIP', 2020, '0.50', '0.50', '0.75', '0.75', '0.50', NULL, NULL),
(165, 'Ester Kristin Tanga Wila', 'Perempuan', 21349, 20, 2019, 'PIP', 2020, '1.00', '0.75', '0.75', '0.50', '0.75', NULL, NULL),
(166, 'Maria Rosamistica Tuto', 'Perempuan', 11288, 18, 2019, 'PIP', 2020, '0.75', '0.25', '0.25', '0.25', '1.00', NULL, NULL),
(167, 'Lidya Nomleni', 'Perempuan', 11452, 22, 2019, 'PIP', 2029, '1.00', '0.00', '0.75', '0.75', '0.75', NULL, NULL),
(168, 'Gian Soh Panie', 'Laki - Laki', 11967, 22, 2019, 'PIP', 2020, '0.75', '0.75', '0.50', '0.50', '0.50', NULL, NULL),
(169, 'Ivonetta Angela A. Doja', 'Perempuan', 17769, 18, 2019, 'PIP', 2020, '0.75', '0.25', '0.25', '0.25', '0.75', NULL, NULL),
(170, 'Liontin Hercha', 'Perempuan', 15100, 18, 2019, 'PIP', 2020, '0.25', '0.25', '0.50', '0.50', '0.50', NULL, NULL),
(171, 'Agnadya Yulien Daik', 'Perempuan', 17010, 20, 2019, 'PIP', 2020, '0.00', '0.25', '0.50', '0.50', '0.75', NULL, NULL),
(172, 'Armindu Abi', 'Laki - Laki', 12436, 22, 2019, 'PIP', 2020, '0.50', '0.75', '0.75', '0.75', '0.75', NULL, NULL),
(173, 'Agresius fallo', 'Laki - Laki', 14314, 22, 2019, 'PIP', 2020, '0.50', '0.75', '0.75', '0.75', '1.00', NULL, NULL),
(174, 'Juanita Tungga', 'Perempuan', 11281, 15, 2019, 'PIP', 2020, '0.25', '0.25', '0.25', '0.25', '0.75', NULL, NULL),
(175, 'Pricilla Stephanie', 'Perempuan', 16263, 22, 2019, 'PIP', 2020, '1.00', '0.00', '0.00', '0.00', '1.00', NULL, NULL),
(176, 'Rivaldo Th. R. Rohi', 'Laki - Laki', 15655, 18, 2019, 'PIP', 2020, '1.00', '0.25', '0.75', '0.75', '0.25', NULL, NULL),
(177, 'Josephina Betharia', 'Perempuan', 14352, 22, 2019, 'PIP', 2020, '0.50', '0.75', '0.75', '0.75', '0.75', NULL, NULL),
(178, 'Juan Faleron Bora\'a', 'Laki - Laki', 14362, 22, 2019, 'PIP', 2020, '0.75', '0.75', '0.75', '0.75', '0.50', NULL, NULL),
(179, 'Meli Irene Adoe', 'Perempuan', 14368, 20, 2019, 'PIP', 2020, '0.25', '0.75', '0.50', '0.50', '0.50', NULL, NULL),
(180, 'Ericko Stiven Riwu', 'Laki - Laki', 13268, 20, 2019, 'PIP', 2020, '0.75', '0.75', '0.75', '0.75', '0.25', NULL, NULL),
(181, 'Jordianus Obenu', 'Laki - Laki', 10531, 22, 2019, 'PIP', 2020, '0.25', '0.75', '0.75', '0.75', '0.50', NULL, NULL),
(182, 'Hansel Nataniel Bale', 'Laki - Laki', 11969, 18, 2019, 'PIP', 2020, '0.75', '0.75', '0.75', '0.75', '0.50', NULL, NULL),
(183, 'Shendi Noventi Hanggong', 'Laki - Laki', 11544, 18, 2019, 'PIP', 2020, '1.00', '0.75', '0.75', '0.75', '0.50', NULL, NULL),
(184, 'Rachel Christina Mesah', 'Perempuan', 15198, 19, 2019, 'PIP', 2020, '1.00', '0.75', '0.75', '0.75', '0.75', NULL, NULL),
(185, 'Refril Yunita Ketrin', 'Perempuan', 15195, 20, 2019, 'PIP', 2020, '1.00', '0.75', '0.75', '0.75', '0.50', NULL, NULL),
(186, 'Eunike Tanu', 'Perempuan', 12918, 19, 2019, 'PIP', 2020, '0.50', '0.75', '0.75', '0.75', '0.50', NULL, NULL),
(187, 'Royandi S. Nubatonis', 'Laki - Laki', 18300, 19, 2019, 'PIP', 2020, '1.00', '0.50', '0.75', '0.75', '0.25', NULL, NULL),
(188, 'Nilam O. Rasi', 'Perempuan', 10549, 25, 2019, 'PIP', 2020, '0.00', '0.75', '0.75', '0.75', '0.50', NULL, NULL),
(189, 'Gracentia Zendritia', 'Perempuan', 15026, 15, 2019, 'PIP', 2020, '1.00', '0.75', '0.75', '0.75', '1.00', NULL, NULL),
(190, 'Mersiana Mina', 'Perempuan', 15139, 16, 2019, 'PIP', 2020, '0.25', '0.00', '0.25', '0.25', '0.75', NULL, NULL),
(191, 'Refri Yunita Kettin', 'Perempuan', 15199, 19, 2019, 'PIP', 2020, '1.00', '0.50', '0.75', '0.75', '0.75', NULL, NULL),
(192, 'Gladys S. Akbar', 'Perempuan', 15029, 20, 2019, 'PIP', 2020, '0.50', '0.50', '0.50', '0.50', '0.75', NULL, NULL),
(193, 'Mayagestha Cilly Nalle', 'Perempuan', 15133, 19, 2019, 'PIP', 2020, '0.50', '0.75', '0.75', '0.75', '0.75', NULL, NULL),
(194, 'Antonius Y. Muki Jr.', 'Laki - Laki', 21640, 19, 2019, 'PIP', 2020, '0.75', '0.75', '0.75', '0.75', '1.00', NULL, NULL),
(195, 'Sorel Gusday', 'Laki - Laki', 15239, 20, 2019, 'PIP', 2020, '0.50', '0.50', '0.50', '0.50', '0.50', NULL, NULL),
(196, 'Wulan Toraci Muloko', 'Perempuan', 15270, 21, 2019, 'PIP', 2020, '1.00', '0.75', '0.75', '0.75', '0.25', NULL, NULL),
(197, 'Paulus Crystian Kapi', 'Laki - Laki', 12008, 15, 2019, 'PIP', 2020, '0.50', '0.75', '0.50', '0.75', '0.75', NULL, NULL),
(198, 'Marsiana Mina', 'Perempuan', 15137, 23, 2019, 'PIP', 2020, '0.75', '0.75', '0.75', '0.75', '0.75', NULL, NULL),
(199, 'Daniella Tereshita Leba', 'Perempuan', 10541, 17, 2019, 'PIP', 2020, '0.75', '0.75', '0.50', '0.50', '0.50', NULL, NULL),
(200, 'Putri Maria Rosita Mure', 'Perempuan', 11005, 17, 2019, 'PIP', 2020, '0.50', '0.50', '0.50', '0.50', '0.50', NULL, NULL),
(201, 'Yefrindo T. Manileti', 'Laki - Laki', 15273, 21, 2019, 'PIP', 2020, '0.50', '0.75', '0.75', '0.75', '0.25', NULL, NULL),
(202, 'Fhatir Syaifullah P. R.', 'Laki - Laki', 14015, 17, 2019, 'PIP', 2020, '0.75', '0.75', '0.75', '0.75', '0.75', NULL, NULL),
(203, 'Pricilla Ferlyne Esaula', 'Perempuan', 14490, 21, 2019, 'PIP', 2020, '0.25', '0.50', '0.75', '0.75', '0.75', NULL, NULL),
(204, 'Evangelitha M. . Tiran', 'Perempuan', 27211, 15, 2019, 'PIP', 2020, '0.25', '0.50', '0.75', '0.75', '0.75', NULL, NULL),
(205, 'Anggerini Horlians Ina', 'Perempuan', 14161, 19, 2019, 'PIP', 2020, '0.50', '0.75', '0.75', '0.75', '0.75', NULL, NULL),
(206, 'Marlen Fransiska Metkoni', 'Perempuan', 14178, 19, 2019, 'PIP', 2020, '1.00', '0.75', '0.75', '0.75', '0.50', NULL, NULL),
(207, 'Ade Dwi Yudastianda', 'Laki - Laki', 14016, 15, 2019, '2020', 2020, '0.75', '0.75', '0.75', '0.75', '0.25', NULL, NULL),
(208, 'Yusuf Marlon Fredelino', 'Laki - Laki', 10801, 19, 2019, 'PIP', 2020, '0.50', '0.50', '0.50', '0.50', '0.50', NULL, NULL),
(209, 'Mershy Sulastri Oematan', 'Perempuan', 14181, 19, 2019, 'PIP', 2020, '1.00', '0.00', '0.25', '0.25', '0.50', NULL, NULL),
(210, 'Iveta Lusiana', 'Perempuan', 12202, 15, 2019, 'PIP', 2020, '0.50', '0.50', '0.75', '0.75', '0.50', NULL, NULL),
(211, 'Yohana Katarina Banunae', 'Perempuan', 14188, 19, 2019, 'PIP', 2020, '0.25', '0.75', '0.75', '0.50', '0.75', NULL, NULL),
(212, 'Elisabeth Andini Kornalia', 'Perempuan', 14979, 20, 2019, 'PIP', 2020, '0.50', '0.75', '0.50', '0.75', '0.25', NULL, NULL),
(213, 'Deviana Sabrina Mangilo', 'Perempuan', 14167, 19, 2019, 'PIP', 2020, '0.50', '0.75', '0.75', '0.75', '0.75', NULL, NULL),
(214, 'Jemi Saryanti Nenohai', 'Perempuan', 19391, 18, 2019, 'PIP', 2020, '0.50', '0.00', '0.50', '0.50', '0.50', NULL, NULL),
(215, 'Agung Yusril Umbu Rey N.', 'Laki - Laki', 14157, 18, 2019, 'PIP', 2020, '1.00', '0.75', '0.75', '0.50', '0.75', NULL, NULL),
(216, 'Josua Adang', 'Laki - Laki', 15030, 19, 2019, 'PIP', 2020, '1.00', '0.75', '0.75', '0.75', '0.75', NULL, NULL),
(217, 'Maria Genevevo P. Tode', 'Perempuan', 14177, 19, 2019, 'PIP', 2020, '0.75', '0.75', '0.75', '0.75', '0.50', NULL, NULL),
(218, 'Masayu anggraini', 'Perempuan', 13126, 20, 2019, 'PIP', 2020, '0.25', '0.50', '0.50', '0.50', '0.50', NULL, NULL),
(219, 'Arlinda Tlonaen', 'Perempuan', 11959, 19, 2019, 'PIP', 2020, '1.00', '0.75', '0.75', '0.50', '0.75', NULL, NULL),
(220, 'Yunita Amanda Nel', 'Perempuan', 14190, 19, 2019, 'PIP', 2020, '0.75', '0.75', '0.75', '0.75', '0.75', NULL, NULL),
(221, 'Maria Ermiyanti Oel', 'Perempuan', 14159, 19, 2019, 'PIP', 2020, '0.50', '0.75', '0.75', '0.75', '0.50', NULL, NULL),
(222, 'Leonardo Putra Maka', 'Laki - Laki', 14327, 18, 2019, 'PIP', 2020, '0.25', '0.25', '0.50', '0.50', '0.50', NULL, NULL),
(223, 'Novriyandri G. V. Leo', 'Laki - Laki', 15371, 19, 2019, 'PIP', 2020, '0.00', '0.25', '0.25', '0.25', '0.25', NULL, NULL),
(224, 'Dorkas Rihi', 'Laki - Laki', 14170, 19, 2019, 'PIP', 2020, '1.00', '0.75', '0.50', '0.75', '1.00', NULL, NULL),
(225, 'Yulius Krisyanto Nesimnas', 'Laki - Laki', 15031, 19, 2019, 'PIP', 2020, '0.25', '0.75', '0.50', '0.50', '0.75', NULL, NULL),
(226, 'Maria Marga Raty Banase', 'Perempuan', 13275, 21, 2019, 'PIP', 2020, '1.00', '0.00', '0.00', '0.00', '1.00', NULL, NULL),
(227, 'Putra Fanggidae', 'Laki - Laki', 12424, 19, 2019, 'PIP', 2020, '0.25', '0.75', '0.75', '0.75', '0.50', NULL, NULL),
(228, 'Deviana Laura Mangi', 'Perempuan', 14168, 19, 2019, 'PIP', 2019, '0.50', '1.00', '0.75', '0.75', '1.00', NULL, NULL),
(229, 'Kresensia Jen Kolin', 'Perempuan', 13829, 21, 2019, 'PIP', 2020, '0.50', '0.75', '0.75', '0.75', '0.75', NULL, NULL),
(230, 'Mario L. Tefnai', 'Laki - Laki', 21856, 21, 2019, 'PIP', 2020, '0.25', '0.75', '0.75', '0.75', '0.75', NULL, NULL),
(231, 'Fera Febriani Poko', 'Perempuan', 11297, 20, 2019, 'PIP', 2020, '0.25', '0.75', '0.75', '0.75', '0.75', NULL, NULL),
(232, 'Cindy Mariam Pah', 'Perempuan', 11924, 15, 2019, 'PIP', 2020, '0.25', '1.00', '0.75', '0.75', '0.25', NULL, NULL),
(233, 'Sendy D. Liak', 'Perempuan', 21942, 18, 2019, 'PIP', 2020, '1.00', '0.50', '0.50', '0.50', '0.75', NULL, NULL),
(234, 'Alehandro Fernando Leo', 'Laki - Laki', 13046, 19, 2019, 'PIP', 2020, '1.00', '0.75', '0.75', '0.75', '0.75', NULL, NULL),
(235, 'William Kristian Fransisco', 'Laki - Laki', 12965, 18, 2019, 'PIP', 2020, '1.00', '0.75', '0.75', '0.75', '0.75', NULL, NULL),
(236, 'Novita Djami', 'Perempuan', 14335, 19, 2019, 'PIP', 2020, '1.00', '1.00', '0.75', '0.75', '0.50', NULL, NULL),
(237, 'Verren Vernanda Venturini', 'Perempuan', 13261, 21, 2019, 'PIP', 2020, '0.75', '0.75', '0.75', '0.75', '0.75', NULL, NULL),
(238, 'Melisenda Learina Venturina', 'Perempuan', 10160, 21, 2019, 'PIP', 2020, '0.75', '0.75', '0.75', '0.75', '0.50', NULL, NULL),
(239, 'Leonora Frederika Tombu', 'Perempuan', 13733, 21, 2019, 'PIP', 2020, '0.75', '1.00', '0.75', '1.00', '0.50', NULL, NULL),
(240, 'Masni', 'Laki - Laki', 14179, 20, 2019, 'PIP', 2020, '1.00', '0.75', '0.75', '0.75', '0.50', NULL, NULL),
(241, 'Anastasya Serianti Gilli', 'Perempuan', 10043, 15, 2019, 'PIP', 2020, '1.00', '0.75', '0.75', '0.75', '0.50', NULL, NULL),
(242, 'Claudiana R. D. Monu', 'Perempuan', 10051, 23, 2019, 'PIP', 2020, '0.50', '0.50', '0.50', '0.50', '0.75', NULL, NULL),
(243, 'Jelia Uly', 'Perempuan', 27298, 17, 2019, 'PIP', 2020, '1.00', '0.75', '0.75', '0.75', '0.25', NULL, NULL),
(244, 'Angel Jermias Taba', 'Perempuan', 14160, 19, 2019, 'PIP', 2020, '1.00', '0.25', '0.25', '0.25', '0.25', NULL, NULL),
(245, 'Deandri Agripin Taneo', 'Laki - Laki', 12026, 22, 2019, 'PIP', 2020, '0.75', '0.75', '0.75', '0.75', '0.50', NULL, NULL),
(246, 'Ewa Natalia Lette', 'Perempuan', 14318, 22, 2019, 'PIP', 2020, '0.50', '0.75', '0.75', '0.75', '0.50', NULL, NULL),
(247, 'Nhurul Indrawati A. Hibu', 'Perempuan', 21886, 21, 2019, 'PIP', 2020, '0.50', '0.75', '0.75', '0.50', '1.00', NULL, NULL),
(248, 'Sartika Nenotek', 'Perempuan', 14284, 19, 2019, 'PIP', 2020, '0.25', '0.75', '0.50', '0.50', '0.75', NULL, NULL),
(249, 'Elvin Adeliana Adu', 'Perempuan', 14982, 21, 2019, 'PIP', 2020, '0.00', '0.75', '0.50', '0.75', '0.75', NULL, NULL),
(250, 'Flarencia Enike Penlaana', 'Perempuan', 10063, 17, 2019, 'PIP', 2020, '0.50', '0.00', '0.25', '0.25', '0.75', NULL, NULL),
(251, 'Angraini Bella', 'Perempuan', 12152, 26, 2019, 'PIP', 2020, '0.25', '1.00', '0.75', '0.75', '0.75', NULL, NULL),
(252, 'Dinda Saputri Abdul Salam', 'Perempuan', 12215, 25, 2019, 'PIP', 2020, '0.75', '0.75', '0.75', '0.75', '0.25', NULL, NULL),
(253, 'Stely Samuel Adrian Feo', 'Laki - Laki', 10537, 20, 2019, 'PIP', 2020, '0.50', '0.25', '0.25', '0.25', '0.75', NULL, NULL),
(254, 'Philipus Napoleon Eklemi', 'Laki - Laki', 10023, 15, 2019, 'PIP', 2020, '1.00', '0.75', '0.75', '0.75', '0.50', NULL, NULL),
(255, 'Susana Taek', 'Perempuan', 12012, 15, 2019, 'PIP', 2020, '0.75', '0.75', '0.75', '0.75', '0.75', NULL, NULL),
(256, 'Galang Prabowo Sugeng', 'Laki - Laki', 27245, 15, 2019, 'PIP', 2020, '0.50', '0.00', '0.25', '0.25', '0.50', NULL, NULL),
(257, 'Miranda Venska', 'Perempuan', 15146, 20, 2019, 'PIP', 2020, '0.50', '0.00', '0.00', '0.25', '0.75', NULL, NULL),
(258, 'Fera Febrianti Poko', 'Perempuan', 15004, 20, 2019, 'PIP', 2020, '0.25', '0.75', '0.50', '0.75', '0.75', NULL, NULL),
(259, 'Fernando Seme', 'Laki - Laki', 14171, 20, 2019, 'PIP', 2020, '0.75', '0.75', '0.75', '0.50', '0.50', NULL, NULL),
(260, 'Alexsando Febrianca', 'Laki - Laki', 14890, 23, 2019, 'PIP', 2020, '0.25', '0.75', '0.75', '0.75', '0.50', NULL, NULL),
(261, 'Maria A. Ke Lomi', 'Perempuan', 18286, 18, 2019, 'PIP', 2020, '0.75', '0.00', '0.50', '0.25', '0.50', NULL, NULL),
(262, 'Angelia Aprilia Padale', 'Perempuan', 15117, 23, 2019, 'PIP', 2020, '1.00', '0.75', '0.75', '0.75', '1.00', NULL, NULL),
(263, 'Yunita Aprilia Huan', 'Perempuan', 15147, 23, 2019, 'PIP', 2020, '0.75', '0.75', '0.75', '0.75', '0.50', NULL, NULL),
(264, 'Desri Yuslinda Ance Foes', 'Perempuan', 14963, 21, 2019, 'PIP', 2020, '1.00', '0.75', '0.75', '0.75', '0.75', NULL, NULL),
(265, 'Maria Venisia Dari', 'Perempuan', 12142, 18, 2019, 'PIP', 2020, '1.00', '0.25', '0.50', '0.50', '0.50', NULL, NULL),
(266, 'Doni Suryadi Ngale', 'Laki - Laki', 15103, 21, 2019, 'PIP', 2020, '1.00', '0.75', '0.75', '0.75', '0.75', NULL, NULL),
(267, 'Nur Lila Baharudin', 'Perempuan', 28402, 23, 2019, 'PIP', 2020, '0.25', '0.25', '0.50', '0.50', '0.75', NULL, NULL),
(268, 'Fransiskus Zaverius Wure', 'Laki - Laki', 15458, 25, 2019, 'PIP', 2020, '0.75', '0.75', '0.50', '0.50', '0.75', NULL, NULL),
(269, 'Frederich Richard Duarte Ndapa', 'Laki - Laki', 15459, 26, 2019, 'PIP', 2020, '0.50', '0.00', '0.00', '0.00', '0.75', NULL, NULL),
(270, 'Frilis Maria Yohana Da Silva', 'Perempuan', 15460, 27, 2019, 'PIP', 2020, '1.00', '0.25', '0.25', '0.25', '0.75', NULL, NULL),
(271, 'Galang Clinton Abraham Kana', 'Laki - Laki', 15461, 27, 2019, 'PIP', 2020, '0.50', '0.00', '0.00', '0.25', '0.50', NULL, NULL),
(272, 'Gerraldino Brand', 'Laki - Laki', 15465, 25, 2019, 'PIP', 2020, '0.75', '0.50', '0.25', '0.50', '0.50', NULL, NULL),
(273, 'Gerry Martinus Andrean Kmio', 'Laki - Laki', 15466, 27, 2019, 'PIP', 2020, '1.00', '0.25', '0.00', '0.25', '0.75', NULL, NULL),
(274, 'Getruida Thalya Victorym Loppies', 'Perempuan', 15467, 27, 2019, 'PIP', 2020, '0.75', '0.50', '0.50', '0.50', '0.75', NULL, NULL),
(275, 'Gilardino Sergius Kaesnube', 'Laki - Laki', 15469, 25, 2019, 'PIP', 2020, '0.25', '0.00', '0.50', '0.50', '0.25', NULL, NULL),
(276, 'Gredcel Johan Adhikarta Salmun', 'Laki - Laki', 15477, 26, 2019, 'PIP', 2020, '0.00', '0.50', '0.50', '0.50', '0.50', NULL, NULL),
(277, 'Gua Ricky Rikus Sonbai', 'Laki - Laki', 15478, 27, 2019, 'PIP', 2020, '0.50', '0.75', '0.75', '0.75', '0.75', NULL, NULL),
(278, 'Harry Lim Christian Dju Lette', 'Laki - Laki', 15481, 25, 2019, 'PIP', 2020, '0.25', '0.75', '0.75', '0.75', '0.50', NULL, NULL),
(279, 'Hendryk Lazandro Pelt', 'Laki - Laki', 15483, 26, 2019, 'PIP', 2020, '0.50', '0.50', '0.50', '0.50', '0.50', NULL, NULL),
(280, 'Herman Adrian Talopele', 'Laki - Laki', 15484, 27, 2019, 'PIP', 2020, '0.50', '0.50', '0.50', '0.50', '0.25', NULL, NULL),
(281, 'Hermanigildus Silab', 'Laki - Laki', 15485, 27, 2019, 'PIP', 2020, '0.50', '0.25', '0.50', '0.50', '0.50', NULL, NULL),
(282, 'I Nyoman Putra Pratama Moenek', 'Laki - Laki', 15487, 26, 2019, 'PIP', 2020, '0.75', '0.50', '0.50', '0.50', '0.50', NULL, NULL),
(283, 'Icha Yolanda Flora Bire', 'Perempuan', 15488, 25, 2019, 'PIP', 2020, '1.00', '0.75', '0.50', '0.75', '0.75', NULL, NULL),
(284, 'Jembris Migel Banunek', 'Perempuan', 15501, 26, 2019, 'PIP', 2020, '0.50', '0.50', '0.50', '0.50', '0.50', NULL, NULL),
(285, 'Jenete Firdaus Adela Djawa', 'Perempuan', 15502, 27, 2019, 'PIP', 2020, '1.00', '0.75', '0.75', '0.75', '0.50', NULL, NULL),
(286, 'Jenifer Meylandri Riyona Sandik', 'Perempuan', 15508, 25, 2019, 'PIP', 2020, '0.75', '0.50', '0.50', '0.50', '0.25', NULL, NULL),
(287, 'Jenni Alexandra Siki', 'Perempuan', 15510, 26, 2019, 'PIP', 2020, '1.00', '0.25', '0.50', '0.50', '0.75', NULL, NULL),
(288, 'Jeschavenia Welhelmina Mani Dibu', 'Perempuan', 15513, 27, 2019, 'PIP', 2020, '0.50', '0.50', '0.75', '0.75', '0.75', NULL, NULL),
(289, 'Jesi Elvandri Malubala', 'Perempuan', 15554, 26, 2019, 'PIP', 2020, '0.50', '0.50', '0.50', '0.25', '0.25', NULL, NULL),
(290, 'Jhilia Carlotha Reginna Leba', 'Perempuan', 15516, 27, 2019, 'PIP', 2020, '1.00', '0.75', '0.50', '0.75', '0.25', NULL, NULL),
(291, 'Juan Christo Abyara Lena', 'Laki - Laki', 15521, 27, 2019, 'PIP', 2020, '0.00', '0.25', '0.50', '0.50', '0.75', NULL, NULL),
(292, 'Juan Hendry Marselino Lay', 'Laki - Laki', 15524, 25, 2019, 'PIP', 2020, '0.50', '0.50', '0.50', '0.75', '0.25', NULL, NULL),
(293, 'Juandri Efan Gelis Soinbala', 'Laki - Laki', 15525, 26, 2019, 'PIP', 2020, '1.00', '0.50', '0.50', '0.50', '0.75', NULL, NULL),
(294, 'Julia Fransiska Adu', 'Perempuan', 15526, 26, 2019, 'PIP', 2020, '1.00', '0.75', '0.75', '0.75', '0.25', NULL, NULL),
(295, 'Julianne Anthoinette Poek', 'Perempuan', 15527, 27, 2019, 'PIP', 2020, '0.75', '0.50', '0.50', '0.50', '0.25', NULL, NULL),
(296, 'Juniardi Ferelthom Lenamah', 'Laki - Laki', 15498, 27, 2019, 'PIP', 2020, '1.00', '1.00', '0.50', '0.75', '0.50', NULL, NULL),
(297, 'Juniar Carresya Sovia', 'Perempuan', 15528, 26, 2019, 'PIP', 2020, '1.00', '0.75', '0.50', '0.50', '0.75', NULL, NULL),
(298, 'Kayla Alexa Issabelle Tibuludji', 'Perempuan', 15535, 25, 2019, 'PIP', 2020, '1.00', '0.25', '0.50', '0.50', '0.75', NULL, NULL),
(299, 'Klara Herewila', 'Perempuan', 15551, 26, 2019, 'PIP', 2020, '0.00', '0.25', '0.75', '0.75', '0.50', NULL, NULL),
(300, 'Lides Tualaka', 'Laki - Laki', 15541, 27, 2019, 'PIP', 2020, '0.25', '0.50', '0.75', '0.75', '0.50', NULL, NULL),
(301, 'Linarti Karolin Nalle', 'Perempuan', 15552, 27, 2019, 'PIP', 2020, '0.75', '0.25', '0.25', '0.50', '0.50', NULL, NULL),
(302, 'Maekhel Anderson Ataupah', 'Perempuan', 15556, 27, 2019, 'PIP', 2020, '0.25', '0.50', '0.50', '0.50', '0.75', NULL, NULL),
(303, 'Marcella Kesya Pandie', 'Perempuan', 15557, 27, 2019, 'PIP', 2020, '0.50', '0.50', '0.50', '0.50', '0.50', NULL, NULL),
(304, 'Alessandro Ricardo Neobanu', 'Laki - Laki', 15432, 25, 2019, 'PIP', 2020, '0.75', '0.25', '0.25', '0.25', '0.25', NULL, NULL),
(305, 'Alfonsa Veronika Maria Bonita', 'Perempuan', 15423, 25, 2019, 'PIP', 2020, '0.25', '0.25', '0.50', '0.50', '0.50', NULL, NULL),
(306, 'Aprizal Lisma Holong Missa', 'Laki - Laki', 15433, 25, 2019, 'PIP', 2020, '0.75', '0.50', '0.75', '0.75', '0.50', NULL, NULL),
(307, 'Bhura Asmarindav Djami Doko', 'Perempuan', 15422, 25, 2019, 'PIP', 2020, '0.75', '0.25', '0.25', '0.25', '0.75', NULL, NULL),
(308, 'Christin Aplugi', 'Perempuan', 15332, 25, 2019, 'PIP', 2020, '1.00', '0.00', '0.25', '0.25', '0.25', NULL, NULL),
(309, 'Doni Elsa Chris Selan', 'Laki - Laki', 15434, 25, 2019, 'PIP', 2020, '1.00', '0.50', '0.50', '0.75', '0.50', NULL, NULL),
(310, 'Enjel Martha Plaikol', 'Perempuan', 15421, 25, 2019, 'PIP', 2020, '0.75', '0.50', '0.75', '0.75', '0.50', NULL, NULL),
(311, 'Geraldino Karisma David Kadji', 'Laki - Laki', 15341, 25, 2019, 'PIP', 2020, '1.00', '0.25', '0.50', '0.50', '0.50', NULL, NULL),
(312, 'Hendri Argentino Prabo', 'Laki - Laki', 15427, 25, 2019, 'PIP', 2020, '0.50', '1.00', '0.75', '0.75', '0.75', NULL, NULL),
(313, 'Ichal Kristian Gaspersz', 'Laki - Laki', 15468, 25, 2019, 'PIP', 2020, '1.00', '0.25', '0.50', '0.50', '0.25', NULL, NULL),
(314, 'Idaya Sensen Baitanu', 'Laki - Laki', 15451, 25, 2019, 'PIP', 2020, '0.00', '0.25', '0.50', '0.50', '0.50', NULL, NULL),
(315, 'Jently Triwinda Faot', 'Perempuan', 15334, 25, 2019, 'PIP', 2020, '1.00', '0.50', '0.50', '0.50', '0.25', NULL, NULL),
(316, 'Juan Gilbert Ataupah', 'Laki - Laki', 15221, 25, 2019, 'PIP', 2020, '0.75', '0.50', '0.50', '0.50', '0.75', NULL, NULL),
(317, 'Maria Angelita Letuna', 'Perempuan', 15124, 25, 2019, 'PIP', 2020, '0.00', '0.25', '0.25', '0.50', '0.50', NULL, NULL),
(318, 'Maria Soares Batista', 'Perempuan', 15633, 25, 2019, 'PIP', 2020, '0.25', '0.50', '0.75', '0.75', '0.75', NULL, NULL),
(319, 'Maya Ivana Nenohai', 'Perempuan', 15732, 25, 2019, 'PIP', 2020, '0.25', '0.75', '0.50', '0.50', '0.75', NULL, NULL),
(320, 'Medi Yulius Asbanu', 'Laki - Laki', 15630, 25, 2019, 'PIP', 2020, '1.00', '0.50', '0.75', '0.75', '0.75', NULL, NULL),
(321, 'Mei Hana Orlina Talan', 'Perempuan', 15644, 25, 2019, 'PIP', 2020, '0.50', '0.00', '0.00', '0.00', '0.50', NULL, NULL),
(322, 'Merlin Selan', 'Perempuan', 15444, 25, 2019, 'PIP', 2020, '0.50', '0.25', '0.50', '0.50', '0.25', NULL, NULL),
(323, 'Muhammad Asril Aldyn Suradi', 'Laki - Laki', 15119, 25, 2019, 'PIP', 2020, '0.50', '0.50', '0.50', '0.50', '0.75', NULL, NULL),
(324, 'Ningsi Wori Hana', 'Perempuan', 15772, 26, 2019, 'PIP', 2020, '0.25', '0.75', '0.75', '0.75', '0.75', NULL, NULL),
(325, 'Resty Anjaldin', 'Perempuan', 15672, 26, 2019, 'PIP', 2020, '1.00', '0.25', '0.50', '0.75', '0.50', NULL, NULL),
(326, 'Ruth Anisha Zecika Riwu', 'Perempuan', 15331, 26, 2019, 'PIP', 2020, '0.75', '0.50', '0.50', '0.50', '0.50', NULL, NULL),
(327, 'Sandi Ludji', 'Laki - Laki', 15411, 26, 2019, 'PIP', 2020, '1.00', '0.25', '0.50', '0.50', '1.00', NULL, NULL),
(328, 'Sepri Hosea Nego Bahan', 'Laki - Laki', 15126, 26, 2019, 'PIP', 2020, '0.50', '0.25', '0.25', '0.25', '0.75', NULL, NULL),
(329, 'Yesri Rianti Mba\'u', 'Perempuan', 15231, 26, 2019, 'PIP', 2020, '1.00', '0.50', '0.75', '0.75', '0.50', NULL, NULL),
(330, 'Yulita Fallo', 'Perempuan', 15123, 26, 2019, 'PIP', 2020, '0.00', '0.50', '0.50', '0.50', '0.75', NULL, NULL),
(331, 'Ade Joice Messakh', 'Laki - Laki', 15413, 26, 2019, 'PIP', 2020, '0.75', '0.25', '0.50', '0.50', '0.50', NULL, NULL),
(332, 'Amelia Putri', 'Perempuan', 15232, 26, 2019, 'PIP', 2020, '0.75', '0.50', '0.75', '0.75', '1.00', NULL, NULL),
(333, 'Anggriyani Shintya Kalawali', 'Perempuan', 15372, 26, 2019, 'PIP', 2020, '1.00', '0.50', '0.50', '0.75', '0.75', NULL, NULL),
(334, 'Anggy Saputri', 'Perempuan', 15241, 26, 2019, 'PIP', 2020, '0.75', '0.75', '0.75', '0.75', '0.75', NULL, NULL),
(335, 'Anisa Emansipasi', 'Perempuan', 15235, 26, 2019, 'PIP', 2020, '0.75', '0.25', '0.50', '0.50', '0.50', NULL, NULL),
(336, 'Ayu Audrey Carolline Oematan', 'Perempuan', 15438, 26, 2019, 'PIP', 2020, '1.00', '0.50', '0.50', '0.50', '1.00', NULL, NULL),
(337, 'Bernadheta Dea Saran', 'Perempuan', 15437, 26, 2019, 'PIP', 2020, '1.00', '0.50', '0.50', '0.50', '0.75', NULL, NULL),
(338, 'Bernadheta Natalia Soba Moan', 'Perempuan', 15127, 26, 2019, 'PIP', 2020, '1.00', '0.50', '0.50', '0.75', '0.75', NULL, NULL),
(339, 'Beryl Ray Lawalata', 'Laki - Laki', 15129, 26, 2019, 'PIP', 2020, '1.00', '0.00', '0.25', '0.50', '1.00', NULL, NULL),
(340, 'Cahyani Rahmadhani', 'Perempuan', 15321, 26, 2019, 'PIP', 2020, '1.00', '0.25', '0.25', '0.25', '0.75', NULL, NULL),
(341, 'Cesyourel Getreda Alu Djami', 'Perempuan', 15431, 26, 2019, 'PIP', 2020, '0.75', '0.25', '0.50', '0.50', '0.50', NULL, NULL),
(342, 'Charoline Maharani Lande', 'Perempuan', 15436, 27, 2019, 'PIP', 2020, '1.00', '0.50', '0.50', '0.50', '0.75', NULL, NULL),
(343, 'Deva Riskina Ananda', 'Perempuan', 15261, 27, 2019, 'PIP', 2020, '0.00', '0.25', '0.50', '0.50', '1.00', NULL, NULL),
(344, 'Dwi Wenny Eunike Rame', 'Perempuan', 15262, 27, 2019, 'PIP', 2020, '0.25', '0.75', '0.50', '0.75', '0.75', NULL, NULL),
(345, 'Ela Mariana Sabat', 'Perempuan', 15425, 27, 2019, 'PIP', 2020, '0.75', '0.75', '0.75', '0.75', '0.75', NULL, NULL),
(346, 'Genia Naftaly Isabel Lay', 'Perempuan', 15263, 27, 2019, 'PIP', 2020, '0.00', '0.50', '0.50', '0.50', '0.50', NULL, NULL),
(347, 'Jacky William Hendrison Daris', 'Laki - Laki', 15264, 27, 2019, 'PIP', 2020, '0.25', '0.50', '0.75', '0.75', '0.50', NULL, NULL),
(348, 'Jacob Richo Anineto', 'Laki - Laki', 15265, 27, 2019, 'PIP', 2020, '1.00', '0.50', '0.50', '0.50', '0.75', NULL, NULL),
(349, 'Jeremy Zadrimman Kause', 'Laki - Laki', 15266, 27, 2019, 'PIP', 2020, '1.00', '0.50', '0.50', '0.50', '0.75', NULL, NULL),
(350, 'Jingga Asten', 'Perempuan', 15267, 27, 2019, 'PIP', 2020, '1.00', '0.50', '0.50', '0.50', '1.00', NULL, NULL),
(351, 'Keysa Marshanda Suan', 'Perempuan', 15269, 27, 2019, 'PIP', 2020, '0.50', '0.50', '0.50', '0.50', '0.75', NULL, NULL),
(352, 'Komang Arya Duta Pranata', 'Laki - Laki', 15234, 27, 2019, 'PIP', 2020, '0.75', '0.25', '0.50', '0.50', '0.25', NULL, NULL),
(353, 'Laseva Ozchilya Ballan', 'Laki - Laki', 15322, 27, 2019, 'PIP', 2020, '0.00', '0.00', '0.25', '0.25', '0.25', NULL, NULL),
(354, 'Maria Gracella Ballan', 'Perempuan', 15323, 27, 2019, 'PIP', 2020, '0.25', '0.00', '0.25', '0.00', '0.50', NULL, NULL),
(355, 'Mario Marcello Smol', 'Laki - Laki', 15631, 15, 2019, 'PIP', 2020, '0.50', '0.75', '0.75', '0.75', '0.75', NULL, NULL),
(356, 'Meisly Mariana Sulla', 'Perempuan', 15233, 15, 2019, 'PIP', 2020, '1.00', '0.75', '0.75', '0.75', '0.75', NULL, NULL),
(357, 'Mouryn Jasmine Amtiran', 'Perempuan', 15242, 15, 2019, 'PIP', 2020, '0.75', '0.50', '0.50', '0.50', '0.50', NULL, NULL),
(358, 'Muhammad Wiyata Mandala', 'Laki - Laki', 15236, 15, 2019, 'PIP', 2020, '0.75', '0.50', '0.50', '0.50', '0.75', NULL, NULL),
(359, 'Naema Martha Ananta Menno', 'Perempuan', 15230, 15, 2019, 'PIP', 2020, '0.75', '0.50', '0.50', '0.75', '0.75', NULL, NULL),
(360, 'Noblen Zulylex Pelle', 'Laki - Laki', 15429, 15, 2019, 'PIP', 2020, '1.00', '0.25', '0.50', '0.50', '0.75', NULL, NULL),
(361, 'Nofianti Belandina Napu', 'Perempuan', 15439, 15, 2019, 'PIP', 2020, '0.50', '0.00', '0.25', '0.50', '0.50', NULL, NULL),
(362, 'Stefani Kurnia Handayani', 'Perempuan', 15420, 15, 2019, 'PIP', 2020, '0.75', '0.00', '0.50', '0.50', '0.75', NULL, NULL),
(363, 'Stephanus Raymond Da Cunha', 'Laki - Laki', 15412, 15, 2019, 'PIP', 2020, '0.50', '0.50', '0.50', '0.50', '0.75', NULL, NULL),
(364, 'Tasya Gracya Belinda Eoh Ndolu', 'Perempuan', 15471, 15, 2019, 'PIP', 2020, '0.00', '0.00', '0.25', '0.25', '0.75', NULL, NULL),
(365, 'Velya Clarita Puan Detamauk', 'Perempuan', 15480, 15, 2019, 'PIP', 2020, '0.50', '0.75', '0.50', '0.50', '0.75', NULL, NULL),
(366, 'Agrinto Nesi', 'Laki - Laki', 15324, 15, 2019, 'PIP', 2020, '0.75', '0.50', '0.50', '0.50', '0.75', NULL, NULL),
(367, 'Ayu Budhi Widyadhana', 'Perempuan', 15721, 15, 2019, 'PIP', 2020, '1.00', '0.00', '0.50', '0.50', '0.50', NULL, NULL),
(368, 'Carina Agnesty', 'Perempuan', 15113, 15, 2019, 'PIP', 2020, '0.00', '0.50', '0.50', '0.25', '0.50', NULL, NULL),
(369, 'Carolus Apolodino Da Costa', 'Laki - Laki', 15211, 15, 2019, 'PIP', 2020, '0.00', '0.00', '0.50', '0.50', '0.75', NULL, NULL),
(370, 'Chezya Jevanya Adoe', 'Perempuan', 15212, 15, 2019, 'PIP', 2020, '1.00', '0.25', '0.50', '0.50', '1.00', NULL, NULL),
(371, 'Claudensia Santika Seo', 'Perempuan', 15210, 15, 2019, 'PIP', 2020, '1.00', '0.50', '0.50', '0.50', '0.50', NULL, NULL),
(372, 'Destree Risya Rata', 'Perempuan', 15414, 15, 2019, 'PIP', 2020, '0.00', '0.50', '0.75', '0.75', '0.50', NULL, NULL),
(373, 'Dinira Olivia', 'Perempuan', 15281, 16, 2019, 'PIP', 2020, '0.75', '0.50', '0.50', '0.50', '0.50', NULL, NULL),
(374, 'Ergayona Purwaningsih Kensli Fernandez', 'Laki - Laki', 15282, 16, 2019, 'PIP', 2020, '0.50', '0.25', '0.50', '0.50', '0.25', NULL, NULL),
(375, 'Eunike Algiandra Koroh', 'Perempuan', 15240, 16, 2019, 'PIP', 2020, '0.25', '0.00', '0.25', '0.25', '0.75', NULL, NULL),
(376, 'Herlince Oek', 'Perempuan', 15621, 16, 2019, 'PIP', 2020, '1.00', '0.50', '0.75', '0.75', '1.00', NULL, NULL),
(377, 'Imanuel Maubila', 'Laki - Laki', 15456, 16, 2019, 'PIP', 2020, '0.25', '0.50', '0.75', '0.75', '0.75', NULL, NULL),
(378, 'Jania Morena Da Costa', 'Perempuan', 15671, 16, 2019, 'PIP', 2020, '0.25', '0.25', '0.50', '0.50', '0.50', NULL, NULL),
(379, 'Kaleb Juanaris Nenotek', 'Laki - Laki', 15673, 16, 2019, 'PIP', 2020, '0.00', '0.25', '0.50', '0.50', '0.50', NULL, NULL),
(380, 'Keegan Colin Numa Jermy', 'Laki - Laki', 15674, 16, 2019, 'PIP', 2020, '0.50', '0.50', '0.50', '0.50', '0.50', NULL, NULL),
(381, 'Kevin Jhuan Chandra Tode', 'Laki - Laki', 15675, 16, 2019, 'PIP', 2020, '1.00', '0.00', '0.25', '0.25', '0.50', NULL, NULL),
(382, 'Kristina Alexandra Meo Ranggo', 'Perempuan', 15676, 16, 2019, 'PIP', 2020, '0.75', '0.50', '0.50', '0.75', '0.75', NULL, NULL),
(383, 'Kristina Nissikoen', 'Perempuan', 15677, 16, 2019, 'PIP', 2020, '0.00', '0.25', '0.75', '0.50', '0.50', NULL, NULL),
(384, 'Lola Mardini Blegur', 'Perempuan', 15678, 16, 2019, 'PIP', 2020, '0.50', '0.50', '0.75', '0.75', '0.75', NULL, NULL),
(385, 'M. Idhil Hidayah Arifin', 'Laki - Laki', 15679, 16, 2019, 'PIP', 2020, '0.25', '0.50', '0.50', '0.50', '0.50', NULL, NULL),
(386, 'Mariana Renata Gaspersz', 'Perempuan', 15670, 16, 2019, 'PIP', 2020, '1.00', '0.50', '0.50', '0.50', '1.00', NULL, NULL),
(387, 'Melani Taopan', 'Perempuan', 15452, 16, 2019, 'PIP', 2020, '0.75', '0.25', '0.50', '0.50', '0.75', NULL, NULL),
(388, 'Muhamad Zaki Remanjang Sakti Gummay', 'Laki - Laki', 15453, 15, 2019, 'PIP', 2020, '0.00', '0.50', '0.50', '0.50', '1.00', NULL, NULL),
(389, 'Nadine Grazela Wasti Sridewi Boru', 'Perempuan', 15454, 16, 2019, 'PIP', 2020, '0.50', '0.00', '0.25', '0.25', '1.00', NULL, NULL),
(390, 'Natalia Olivia Karimoy', 'Perempuan', 15455, 16, 2019, 'PIP', 2020, '0.00', '0.00', '0.00', '0.00', '1.00', NULL, NULL),
(391, 'Sabrina Anabela Palan Boro', 'Perempuan', 15457, 16, 2019, 'PIP', 2020, '1.00', '0.00', '0.25', '0.25', '0.75', NULL, NULL),
(392, 'Samitha Angelica Taneo', 'Perempuan', 15131, 16, 2019, 'PIP', 2020, '0.25', '0.50', '0.50', '0.50', '1.00', NULL, NULL),
(393, 'Seruny Ramanely Nanggi', 'Perempuan', 15132, 16, 2019, 'PIP', 2020, '0.50', '0.75', '0.75', '0.75', '1.00', NULL, NULL),
(394, 'Tabina Claresta', 'Perempuan', 15134, 16, 2019, 'PIP', 2020, '0.25', '0.00', '0.50', '0.50', '0.75', NULL, NULL),
(395, 'Tantri Atarabu', 'Perempuan', 15135, 16, 2019, 'PIP', 2020, '1.00', '0.50', '0.75', '0.75', '0.75', NULL, NULL),
(396, 'Titania Cesharany Kaborang', 'Perempuan', 15136, 16, 2019, 'PIP', 2020, '0.75', '0.50', '0.75', '0.75', '0.75', NULL, NULL),
(397, 'Trisilia Inda Rambu Ana Hamu', 'Perempuan', 15138, 16, 2019, 'PIP', 2020, '1.00', '0.25', '0.50', '0.50', '0.75', NULL, NULL),
(398, 'Yose Bere', 'Laki - Laki', 15141, 16, 2019, 'PIP', 2020, '0.75', '0.50', '0.50', '0.50', '0.75', NULL, NULL),
(399, 'Yunike Dalmatia Refaya Ottu', 'Perempuan', 15142, 16, 2019, 'PIP', 2020, '0.50', '0.00', '0.25', '0.25', '0.50', NULL, NULL),
(400, 'Zonna Jerremy Jeheskiel Otniel Olang', 'Laki - Laki', 15143, 16, 2019, 'PIP', 2020, '0.75', '0.25', '0.50', '0.50', '0.75', NULL, NULL),
(401, 'Alfiana Padamai', 'Perempuan', 15144, 16, 2019, 'PIP', 2020, '0.25', '0.50', '0.50', '0.50', '0.50', NULL, NULL),
(402, 'Andreano Ruwu', 'Laki - Laki', 15161, 17, 2019, 'PIP', 2020, '0.50', '0.25', '0.50', '0.25', '0.75', NULL, NULL),
(403, 'Beatrix Lynina Putri Meok', 'Perempuan', 15162, 17, 2019, 'PIP', 2020, '0.75', '0.50', '0.50', '0.50', '0.75', NULL, NULL),
(404, 'Celine Irene Larista Rihi', 'Perempuan', 15163, 17, 2019, 'PIP', 2020, '0.00', '0.00', '0.25', '0.25', '0.75', NULL, NULL),
(405, 'Cherliasti Liana Haning', 'Perempuan', 15164, 17, 2019, 'PIP', 2020, '0.25', '0.50', '0.50', '0.75', '1.00', NULL, NULL),
(406, 'Cheysya Christiana Claudia Barbier', 'Perempuan', 15165, 17, 2019, 'PIP', 2020, '0.50', '0.25', '0.25', '0.50', '0.75', NULL, NULL),
(407, 'Christine Novellina Rachelia Ouw', 'Perempuan', 15166, 17, 2019, 'PIP', 2020, '0.00', '0.25', '0.50', '0.50', '0.75', NULL, NULL),
(408, 'Daniel Juliandry A. Nahak', 'Laki - Laki', 15167, 17, 2019, 'PIP', 2020, '0.75', '0.50', '0.50', '0.75', '1.00', NULL, NULL),
(409, 'Daniel Simanjuntak', 'Laki - Laki', 15151, 18, 2019, 'PIP', 2020, '0.25', '0.25', '0.50', '0.50', '0.75', NULL, NULL),
(410, 'Desi Tersiana Mauboi', 'Perempuan', 15152, 18, 2019, 'PIP', 2020, '0.00', '0.50', '0.50', '0.50', '0.50', NULL, NULL),
(411, 'Elisabeth Dewanti Tateni', 'Perempuan', 15153, 18, 2019, 'PIP', 2020, '0.00', '0.00', '0.00', '0.25', '1.00', NULL, NULL),
(412, 'Ferdi Ardyansa', 'Laki - Laki', 15154, 18, 2019, 'PIP', 2020, '1.00', '0.25', '0.50', '0.50', '0.75', NULL, NULL),
(413, 'Fifien Aquaristine Banu', 'Perempuan', 15155, 18, 2019, 'PIP', 2020, '1.00', '0.50', '0.50', '0.50', '0.50', NULL, NULL),
(414, 'Hanna Anugrah Sapan', 'Perempuan', 15171, 20, 2019, 'PIP', 2020, '0.50', '0.00', '0.25', '0.00', '0.75', NULL, NULL),
(415, 'Intan Iksda Apliana Tolla', 'Perempuan', 15172, 20, 2019, 'PIP', 2020, '0.25', '0.50', '0.50', '0.50', '0.75', NULL, NULL),
(416, 'Jovanda Santa Monika Otemusu', 'Perempuan', 15173, 20, 2019, 'PIP', 2020, '1.00', '0.50', '0.50', '0.50', '0.25', NULL, NULL),
(417, 'Kezia Clarita Dida', 'Perempuan', 15174, 20, 2019, 'PIP', 2020, '1.00', '0.75', '0.75', '0.75', '0.75', NULL, NULL),
(418, 'Kezia Stefani Ndun', 'Perempuan', 15175, 20, 2019, 'PIP', 2020, '0.75', '0.25', '0.50', '0.50', '0.50', NULL, NULL),
(419, 'Marlo Otniel Nopo', 'Laki - Laki', 15176, 20, 2019, 'PIP', 2020, '0.50', '0.50', '0.75', '0.75', '0.75', NULL, NULL),
(420, 'Marlyn Abralen Long', 'Perempuan', 15177, 20, 2019, 'PIP', 2020, '0.50', '0.25', '0.50', '0.50', '1.00', NULL, NULL),
(421, 'Marsela Claudia Niken Tnines', 'Perempuan', 15178, 20, 2019, 'PIP', 2020, '0.00', '0.50', '0.50', '0.50', '0.25', NULL, NULL),
(422, 'Mavelia Keren Hapuk Anin', 'Perempuan', 15179, 20, 2019, 'PIP', 2020, '0.00', '0.25', '0.50', '0.50', '0.25', NULL, NULL),
(423, 'Melkianus Helson Junior Tobo', 'Laki - Laki', 15170, 21, 2019, 'PIP', 2020, '0.75', '0.50', '0.50', '0.50', '0.50', NULL, NULL),
(424, 'Melqior Anugerah Pollin', 'Laki - Laki', 15181, 21, 2019, 'PIP', 2020, '1.00', '0.50', '0.75', '0.75', '0.25', NULL, NULL),
(425, 'Naila Triena Letuna', 'Perempuan', 15182, 21, 2019, 'PIP', 2020, '1.00', '0.75', '0.75', '0.75', '1.00', NULL, NULL),
(426, 'Precilia Putri Chesya Andriyani', 'Perempuan', 15183, 21, 2019, 'PIP', 2020, '0.25', '0.50', '0.50', '0.50', '0.75', NULL, NULL),
(427, 'Putri Elsabeth Nawa', 'Perempuan', 15184, 21, 2019, 'PIP', 2020, '0.50', '0.25', '0.50', '0.50', '0.50', NULL, NULL),
(428, 'Rama Abadi Sulah', 'Laki - Laki', 15185, 21, 2019, 'PIP', 2020, '0.50', '0.50', '0.50', '0.50', '0.75', NULL, NULL),
(429, 'Rosmala Dewi Astuti Fattah', 'Perempuan', 15186, 21, 2019, 'PIP', 2020, '0.75', '0.50', '0.50', '0.50', '0.50', NULL, NULL),
(430, 'Saleha Putri Wahyu Ningsi', 'Perempuan', 15187, 21, 2019, 'PIP', 2020, '0.50', '0.50', '0.50', '0.75', '0.75', NULL, NULL),
(431, 'Silvia Putri Hantika', 'Perempuan', 15188, 21, 2019, 'PIP', 2020, '0.75', '0.50', '0.50', '0.50', '0.75', NULL, NULL),
(432, 'Yoga Mivren Elly', 'Laki - Laki', 15189, 21, 2019, 'PIP', 2020, '0.75', '0.50', '0.50', '0.50', '0.75', NULL, NULL),
(433, 'Yoseph Gulielmus Helly', 'Laki - Laki', 15180, 21, 2019, 'PIP', 2020, '0.25', '0.25', '0.50', '0.50', '0.25', NULL, NULL),
(434, 'Zulviqar Amal', 'Laki - Laki', 15191, 21, 2019, 'PIP', 2020, '0.00', '0.00', '0.50', '0.25', '0.25', NULL, NULL),
(435, 'Adal Lusti R. La Ubo', 'Laki - Laki', 15192, 21, 2019, 'PIP', 2020, '1.00', '0.50', '0.50', '0.50', '0.50', NULL, NULL),
(436, 'Anastasius Fransisco Helly', 'Laki - Laki', 15193, 21, 2019, 'PIP', 2020, '0.25', '0.50', '0.50', '0.50', '0.50', NULL, NULL),
(437, 'Azizah Khairinniswa', 'Perempuan', 15194, 21, 2019, 'PIP', 2020, '0.50', '0.25', '0.50', '0.50', '0.50', NULL, NULL),
(438, 'Carmelita Zabrina Kerihi', 'Perempuan', 15213, 21, 2019, 'PIP', 2020, '0.50', '0.50', '0.50', '0.50', '0.50', NULL, NULL),
(439, 'Dewi Disyan Rame', 'Perempuan', 15214, 21, 2019, 'PIP', 2020, '0.25', '0.25', '0.50', '0.50', '0.75', NULL, NULL),
(440, 'Elda Ton', 'Perempuan', 15222, 23, 2019, 'PIP', 2020, '0.25', '0.25', '0.50', '0.50', '0.25', NULL, NULL),
(441, 'Elvira Permata Meydelin Lay', 'Perempuan', 15223, 23, 2019, 'PIP', 2020, '0.00', '0.25', '0.50', '0.25', '0.25', NULL, NULL),
(442, 'Febrianti Masi', 'Perempuan', 15224, 23, 2019, 'PIP', 2020, '0.00', '0.25', '0.25', '0.25', '0.75', NULL, NULL),
(443, 'Floura Marzyanti Bunga', 'Perempuan', 15225, 23, 2019, 'PIP', 2020, '1.00', '0.75', '0.75', '0.75', '0.50', NULL, NULL),
(444, 'Glorya Yesarela Nuha Holong', 'Perempuan', 15226, 23, 2019, 'PIP', 2020, '0.00', '0.00', '0.50', '0.25', '0.50', NULL, NULL),
(445, 'Ika Chahya Ningrum', 'Perempuan', 15227, 23, 2019, 'PIP', 2020, '1.00', '0.50', '0.50', '0.50', '0.50', NULL, NULL),
(446, 'Ikke Delila Tahun', 'Perempuan', 15228, 23, 2019, 'PIP', 2020, '0.00', '0.75', '0.50', '0.75', '0.75', NULL, NULL),
(447, 'Jiro Liunokas', 'Laki - Laki', 15229, 23, 2019, 'PIP', 2020, '1.00', '0.75', '0.50', '0.50', '0.75', NULL, NULL),
(448, 'Juan Fransisco Soy', 'Laki - Laki', 15333, 23, 2019, 'pip', 2020, '0.50', '0.50', '0.50', '0.75', '0.25', NULL, NULL),
(449, 'Juniarti Priyana Mako', 'Laki - Laki', 15335, 23, 2019, 'PIP', 2020, '0.25', '0.00', '0.50', '0.50', '0.25', NULL, NULL),
(450, 'Karen Palalangan', 'Perempuan', 15336, 23, 2019, 'PIP', 2020, '0.50', '0.75', '0.50', '0.75', '0.75', NULL, NULL),
(451, 'Karin Palalangan', 'Perempuan', 15337, 23, 2019, 'PIP', 2020, '0.25', '0.25', '0.50', '0.50', '0.75', NULL, NULL),
(452, 'Karmelita Nirmala Lelbo', 'Perempuan', 15338, 23, 2019, 'PIP', 2020, '0.75', '0.25', '0.25', '0.25', '0.25', NULL, NULL),
(453, 'Kostan Pito Sakan', 'Laki - Laki', 15339, 23, 2019, 'PIP', 2020, '0.50', '0.50', '0.50', '0.50', '0.75', NULL, NULL),
(454, 'Maria Natalia Namu', 'Perempuan', 15325, 23, 2019, 'PIP', 2020, '1.00', '0.75', '0.75', '0.75', '0.75', NULL, NULL),
(455, 'Maryana Caca Gamalia Daik', 'Perempuan', 15326, 23, 2019, 'PIP', 2020, '0.00', '0.25', '0.25', '0.25', '0.50', NULL, NULL),
(456, 'Midel John Kopung', 'Laki - Laki', 15327, 23, 2019, 'PIP', 2020, '0.00', '0.75', '0.75', '0.75', '0.50', NULL, NULL),
(457, 'Patrik Joseph J. Muloko', 'Laki - Laki', 15329, 23, 2019, 'PIP', 2020, '1.00', '0.50', '0.25', '0.50', '0.50', NULL, NULL),
(458, 'Stevani Silla', 'Laki - Laki', 15243, 23, 2019, 'PIP', 2020, '1.00', '0.50', '0.75', '0.75', '0.50', NULL, NULL),
(459, 'Stevy Natonis', 'Perempuan', 15244, 23, 2019, 'PIP', 2020, '1.00', '0.50', '0.50', '0.50', '0.25', NULL, NULL),
(460, 'Theresia Adindarsi Sere', 'Perempuan', 15245, 23, 2019, 'PIP', 2020, '1.00', '0.75', '0.75', '0.75', '1.00', NULL, NULL),
(461, 'Tiara Rambu Sorisuatu', 'Perempuan', 15247, 23, 2019, 'PIP', 2020, '0.50', '0.50', '0.50', '0.75', '0.75', NULL, NULL),
(462, 'Trilin Oktonia Behy', 'Perempuan', 15251, 23, 2019, 'PIP', 2020, '0.50', '0.25', '0.50', '0.50', '0.50', NULL, NULL),
(463, 'Vidia Venesa Putri Dael', 'Perempuan', 15252, 23, 2019, 'PIP', 2020, '0.75', '0.00', '0.25', '0.25', '0.25', NULL, NULL),
(464, 'Virginia Erasca Missa', 'Perempuan', 15253, 24, 2019, 'PIP', 2020, '0.50', '0.25', '0.25', '0.00', '0.50', NULL, NULL),
(465, 'Virgo M. Jabi', 'Laki - Laki', 15254, 24, 2019, 'PIP', 2020, '0.75', '0.50', '0.50', '0.75', '1.00', NULL, NULL),
(466, 'Yana Febriana Baun', 'Perempuan', 15246, 24, 2019, 'PIP', 2020, '0.50', '0.50', '0.50', '0.50', '0.50', NULL, NULL),
(467, 'Yerimias Sabuna', 'Laki - Laki', 15248, 24, 2019, 'PIP', 2020, '0.00', '0.25', '0.50', '0.50', '0.75', NULL, NULL),
(468, 'Yohanes Aleksandro Nopus', 'Laki - Laki', 15249, 24, 2019, 'PIP', 2020, '1.00', '0.50', '0.50', '0.50', '1.00', NULL, NULL),
(469, 'Yohanes Mario Mael', 'Laki - Laki', 15255, 24, 2019, 'PIP', 2020, '1.00', '0.50', '0.25', '0.50', '0.75', NULL, NULL),
(470, 'Yuvista Molo', 'Laki - Laki', 15256, 24, 2019, 'PIP', 2020, '0.25', '0.00', '0.00', '0.00', '0.50', NULL, NULL),
(471, 'Abraham Arfonsta Djahabin', 'Laki - Laki', 15257, 24, 2019, 'PIP', 2020, '0.25', '0.25', '0.25', '0.50', '0.75', NULL, NULL),
(472, 'Albert Paters Meysher Tahun', 'Laki - Laki', 15258, 24, 2019, 'PIP', 2020, '0.25', '0.50', '0.50', '0.50', '0.50', NULL, NULL),
(473, 'Aurelya Exaudia Koby', 'Perempuan', 15259, 24, 2019, 'PIP', 2020, '1.00', '0.50', '0.50', '0.50', '0.50', NULL, NULL),
(474, 'Austin Anaci Mudin', 'Laki - Laki', 15342, 24, 2019, 'PIP', 2020, '1.00', '0.50', '0.50', '0.50', '0.50', NULL, NULL),
(475, 'Berlin Adriana Long', 'Perempuan', 15343, 24, 2019, 'PIP', 2020, '0.50', '0.25', '0.25', '0.50', '0.50', NULL, NULL),
(476, 'Christiani Rany Dae Panie', 'Perempuan', 15344, 24, 2019, 'PIP', 2020, '0.00', '0.25', '0.50', '0.50', '0.50', NULL, NULL),
(477, 'Daniel Fabian Raga Djara', 'Laki - Laki', 15345, 24, 2019, 'PIP', 2020, '1.00', '0.50', '0.50', '0.75', '0.50', NULL, NULL),
(478, 'Devara Imanuel Lumba', 'Laki - Laki', 15346, 24, 2019, 'PIP', 2020, '0.00', '0.00', '0.25', '0.00', '0.25', NULL, NULL),
(479, 'Diandra Stella Natalia Kudji Rihi', 'Perempuan', 15347, 24, 2019, 'PIP', 2020, '0.50', '0.25', '0.50', '0.50', '1.00', NULL, NULL),
(480, 'Elin Kresensia Tae', 'Perempuan', 15348, 24, 2019, 'PIP', 2020, '0.25', '0.00', '0.25', '0.50', '0.50', NULL, NULL),
(481, 'Faldianus Seran', 'Laki - Laki', 15349, 24, 2019, 'PIP', 2020, '1.00', '0.50', '0.50', '0.50', '0.50', NULL, NULL),
(482, 'Filip Gerhard Berepalay', 'Laki - Laki', 15561, 24, 2019, 'PIP', 2020, '0.75', '0.50', '0.50', '0.75', '0.50', NULL, NULL),
(483, 'Fiona Selpin Tungga', 'Perempuan', 15562, 24, 2019, 'PIP', 2020, '0.25', '0.00', '0.00', '0.25', '0.50', NULL, NULL),
(484, 'Glen Immanuel Haan', 'Laki - Laki', 15563, 24, 2019, 'PIP', 2020, '0.25', '0.25', '0.50', '0.50', '0.75', NULL, NULL),
(485, 'Gloryo Valenthiano Gaspersz', 'Laki - Laki', 15564, 24, 2019, 'PIP', 2020, '0.75', '0.50', '0.75', '0.75', '0.75', NULL, NULL),
(486, 'Gracia Natasya Wihelmina Manna', 'Perempuan', 15565, 24, 2019, 'PIP', 2020, '0.00', '0.25', '0.50', '0.50', '0.75', NULL, NULL),
(487, 'Indah Supriyanti', 'Perempuan', 15566, 24, 2019, 'PIP', 2020, '1.00', '0.75', '0.75', '0.75', '0.75', NULL, NULL),
(488, 'Javier Mcmartin Sine', 'Laki - Laki', 15567, 24, 2019, 'PIP', 2020, '1.00', '0.25', '0.25', '0.50', '0.50', NULL, NULL),
(489, 'Laura Elisabeth Bani', 'Perempuan', 15569, 24, 2019, 'PIP', 2020, '0.25', '0.00', '0.00', '0.25', '1.00', NULL, NULL),
(490, 'Ledina Djuanka Banamtuan', 'Perempuan', 15571, 24, 2019, 'PIP', 2020, '1.00', '0.50', '0.50', '0.50', '0.75', NULL, NULL),
(491, 'Marniwati Benu', 'Perempuan', 15572, 24, 2019, 'PIP', 2020, '0.50', '0.75', '0.50', '0.50', '0.50', NULL, NULL),
(492, 'Merlin Tafuli', 'Perempuan', 15573, 24, 2019, 'PIP', 2020, '1.00', '0.50', '0.50', '0.50', '0.50', NULL, NULL),
(493, 'Mirnawati Ninef', 'Perempuan', 15574, 24, 2019, 'PIP', 2020, '0.50', '0.75', '0.75', '0.75', '0.50', NULL, NULL),
(494, 'Noriana Bandi', 'Perempuan', 15575, 24, 2019, 'PIP', 2020, '0.50', '0.25', '0.25', '0.50', '0.25', NULL, NULL),
(495, 'Patrick Julius Ledjab', 'Laki - Laki', 15576, 15, 2019, 'PIP', 2020, '0.50', '0.00', '0.00', '0.25', '1.00', NULL, NULL),
(496, 'Putra Perkasa Imanuel Surah', 'Laki - Laki', 15577, 15, 2019, 'PIP', 2020, '0.75', '0.50', '0.50', '0.50', '0.75', NULL, NULL),
(497, 'Raiyan Putra Pratama Tobe', 'Laki - Laki', 15579, 15, 2019, 'PIP', 2020, '0.50', '0.25', '0.25', '0.50', '0.50', NULL, NULL),
(498, 'Rosalin Irenne Hermanus', 'Perempuan', 15283, 15, 2019, 'PIP', 2020, '0.75', '0.00', '0.25', '0.25', '0.50', NULL, NULL),
(499, 'Sharon Jucia', 'Perempuan', 15581, 15, 2019, 'PIP', 2020, '0.50', '0.25', '0.50', '0.50', '0.75', NULL, NULL),
(500, 'Stefhany Thene Manukule', 'Perempuan', 15582, 16, 2019, 'PIP', 2020, '0.25', '0.25', '0.25', '0.25', '0.50', NULL, NULL),
(501, 'Syafira Nurkhalizah', 'Perempuan', 15583, 16, 2019, 'PIP', 2020, '0.50', '0.25', '0.25', '0.25', '0.50', NULL, NULL);
INSERT INTO `siswa` (`id_siswa`, `nama`, `jk`, `nis`, `kelas_id`, `tahun_angkatan`, `nama_beasiswa`, `tahun_beasiswa`, `tanggungan_ortu`, `penghasilan_ortu`, `tagihan_air`, `tagihan_listrik`, `nilai_raport`, `id_kriteria`, `id_perhitungan`) VALUES
(502, 'Tinsy Olfyia Lau', 'Perempuan', 15584, 16, 2019, 'PIP', 2020, '1.00', '0.25', '0.25', '0.50', '0.50', NULL, NULL),
(503, 'Tiurli Listria Glorya Tabun', 'Perempuan', 15585, 16, 2019, 'PIP', 2020, '0.75', '0.50', '0.50', '0.50', '0.25', NULL, NULL),
(504, 'Tricika Christiani Balukh', 'Perempuan', 15586, 16, 2019, 'PIP', 2020, '1.00', '0.25', '0.25', '0.50', '0.75', NULL, NULL),
(505, 'Yizwa Alwan Ati', 'Perempuan', 15284, 17, 2019, 'PIP', 2020, '0.75', '0.75', '0.75', '0.75', '0.50', NULL, NULL),
(506, 'Ady Randi Oematan', 'Laki - Laki', 15285, 17, 2019, 'PIP', 2020, '0.00', '0.25', '0.25', '0.00', '0.25', NULL, NULL),
(507, 'Alfania Rosdiantri Ngale', 'Perempuan', 15287, 17, 2019, 'PIP', 2020, '0.75', '0.00', '0.50', '0.50', '0.75', NULL, NULL),
(508, 'Alvitri Magdalena Adifa', 'Perempuan', 15271, 17, 2019, 'PIP', 2020, '0.50', '0.25', '0.50', '0.25', '0.75', NULL, NULL),
(509, 'Amanda Putri Carolina Loak', 'Perempuan', 15272, 17, 2019, 'PIP', 2020, '0.25', '0.00', '0.50', '0.25', '0.50', NULL, NULL),
(510, 'Anastasya Giffari Koho', 'Perempuan', 15274, 18, 2019, 'PIP', 2020, '0.50', '0.50', '0.50', '0.50', '0.75', NULL, NULL),
(511, 'Angelo Friscy Putra Poy', 'Laki - Laki', 15275, 18, 2019, 'PIP', 2020, '1.00', '0.25', '0.50', '0.50', '0.50', NULL, NULL),
(512, 'Chataryne Merridyan Isabel Manafe', 'Perempuan', 15276, 18, 2019, 'PIP', 2020, '1.00', '0.25', '0.25', '0.50', '0.50', NULL, NULL),
(513, 'Chen Cantika Wabang', 'Perempuan', 15277, 18, 2019, 'PIP', 2020, '0.25', '0.25', '0.50', '0.50', '0.50', NULL, NULL),
(514, 'Davit Erikson Aulu Goru', 'Laki - Laki', 15278, 18, 2019, 'PIP', 2020, '1.00', '0.25', '0.25', '0.50', '1.00', NULL, NULL),
(515, 'Dela Ayunda Jasanti Ludji', 'Perempuan', 15289, 19, 2019, 'PIP', 2020, '0.50', '0.25', '0.50', '0.50', '0.50', NULL, NULL),
(516, 'Gebyanus Junior Lamma', 'Laki - Laki', 15215, 19, 2019, 'PIP', 2020, '0.50', '0.50', '0.75', '0.75', '0.75', NULL, NULL),
(517, 'Gilbert Nafi', 'Laki - Laki', 15216, 19, 2019, 'PIP', 2020, '1.00', '0.50', '0.50', '0.75', '0.75', NULL, NULL),
(518, 'Gilbert P. Bessie', 'Laki - Laki', 15217, 19, 2019, 'PIP', 2020, '0.00', '0.25', '0.50', '0.50', '0.75', NULL, NULL),
(519, 'Hestyani Susan Olin', 'Perempuan', 15219, 19, 2019, 'PIP', 2020, '0.00', '0.25', '0.75', '0.75', '0.75', NULL, NULL),
(520, 'Inggrid Mildaens Yance Banunaek', 'Perempuan', 15311, 20, 2019, 'PIP', 2020, '0.50', '1.00', '0.25', '0.25', '0.50', NULL, NULL),
(521, 'Jeniver Kristin Bana', 'Perempuan', 15312, 20, 2019, 'PIP', 2020, '0.25', '0.50', '0.50', '0.50', '0.75', NULL, NULL),
(522, 'Jessica Brani Mira Dida', 'Perempuan', 15313, 23, 2019, 'PIP', 2020, '1.00', '0.25', '0.50', '0.50', '0.50', NULL, NULL),
(523, 'Jhon Junaidi Nakmofa', 'Laki - Laki', 15314, 24, 2019, 'PIP', 2020, '0.00', '0.50', '0.50', '0.25', '0.50', NULL, NULL),
(524, 'Martin Rivaldy Otemusu', 'Laki - Laki', 15315, 23, 2019, 'PIP', 2020, '0.50', '0.00', '0.00', '0.00', '0.25', NULL, NULL),
(525, 'Marvin Malelak', 'Laki - Laki', 15316, 24, 2019, 'PIP', 2020, '0.00', '0.00', '0.25', '0.25', '0.50', NULL, NULL);

-- --------------------------------------------------------

--
-- Table structure for table `tingkat`
--

CREATE TABLE `tingkat` (
  `id` int(20) NOT NULL,
  `nama` varchar(128) NOT NULL
) ENGINE=InnoDB DEFAULT CHARSET=utf8mb4;

--
-- Dumping data for table `tingkat`
--

INSERT INTO `tingkat` (`id`, `nama`) VALUES
(8, 'X'),
(10, 'XI'),
(16, 'XII');

--
-- Indexes for dumped tables
--

--
-- Indexes for table `admin`
--
ALTER TABLE `admin`
  ADD PRIMARY KEY (`id`);

--
-- Indexes for table `jurusan`
--
ALTER TABLE `jurusan`
  ADD PRIMARY KEY (`id`);

--
-- Indexes for table `kelas`
--
ALTER TABLE `kelas`
  ADD PRIMARY KEY (`id`),
  ADD KEY `tingkat_id` (`tingkat_id`),
  ADD KEY `jurusan_id` (`jurusan_id`),
  ADD KEY `nama_id` (`nama_kelas_id`);

--
-- Indexes for table `kriteria`
--
ALTER TABLE `kriteria`
  ADD PRIMARY KEY (`id_kriteria`),
  ADD KEY `id_perhitungan` (`id_perhitungan`),
  ADD KEY `id_siswa` (`id_siswa`);

--
-- Indexes for table `nama_kelas`
--
ALTER TABLE `nama_kelas`
  ADD PRIMARY KEY (`id`);

--
-- Indexes for table `perhitungan`
--
ALTER TABLE `perhitungan`
  ADD PRIMARY KEY (`id_perhitungan`),
  ADD KEY `id_kriteria` (`id_kriteria`),
  ADD KEY `id_siswa` (`id_siswa`),
  ADD KEY `matrix_x` (`matrix_x`),
  ADD KEY `matrix_u` (`matrix_u`);

--
-- Indexes for table `random`
--
ALTER TABLE `random`
  ADD PRIMARY KEY (`id`);

--
-- Indexes for table `random2`
--
ALTER TABLE `random2`
  ADD PRIMARY KEY (`id`);

--
-- Indexes for table `siswa`
--
ALTER TABLE `siswa`
  ADD PRIMARY KEY (`id_siswa`),
  ADD KEY `id_kriteria` (`id_kriteria`),
  ADD KEY `id_perhitungan` (`id_perhitungan`),
  ADD KEY `kelas_id` (`kelas_id`);

--
-- Indexes for table `tingkat`
--
ALTER TABLE `tingkat`
  ADD PRIMARY KEY (`id`);

--
-- AUTO_INCREMENT for dumped tables
--

--
-- AUTO_INCREMENT for table `admin`
--
ALTER TABLE `admin`
  MODIFY `id` int(11) NOT NULL AUTO_INCREMENT, AUTO_INCREMENT=10;

--
-- AUTO_INCREMENT for table `jurusan`
--
ALTER TABLE `jurusan`
  MODIFY `id` int(20) NOT NULL AUTO_INCREMENT, AUTO_INCREMENT=7;

--
-- AUTO_INCREMENT for table `kelas`
--
ALTER TABLE `kelas`
  MODIFY `id` int(20) NOT NULL AUTO_INCREMENT, AUTO_INCREMENT=29;

--
-- AUTO_INCREMENT for table `kriteria`
--
ALTER TABLE `kriteria`
  MODIFY `id_kriteria` int(11) NOT NULL AUTO_INCREMENT, AUTO_INCREMENT=168806;

--
-- AUTO_INCREMENT for table `nama_kelas`
--
ALTER TABLE `nama_kelas`
  MODIFY `id` int(20) NOT NULL AUTO_INCREMENT, AUTO_INCREMENT=10;

--
-- AUTO_INCREMENT for table `perhitungan`
--
ALTER TABLE `perhitungan`
  MODIFY `id_perhitungan` int(11) NOT NULL AUTO_INCREMENT, AUTO_INCREMENT=100975;

--
-- AUTO_INCREMENT for table `random`
--
ALTER TABLE `random`
  MODIFY `id` int(11) NOT NULL AUTO_INCREMENT, AUTO_INCREMENT=23152;

--
-- AUTO_INCREMENT for table `random2`
--
ALTER TABLE `random2`
  MODIFY `id` int(11) NOT NULL AUTO_INCREMENT, AUTO_INCREMENT=23092;

--
-- AUTO_INCREMENT for table `siswa`
--
ALTER TABLE `siswa`
  MODIFY `id_siswa` int(11) NOT NULL AUTO_INCREMENT, AUTO_INCREMENT=528;

--
-- AUTO_INCREMENT for table `tingkat`
--
ALTER TABLE `tingkat`
  MODIFY `id` int(20) NOT NULL AUTO_INCREMENT, AUTO_INCREMENT=19;

--
-- Constraints for dumped tables
--

--
-- Constraints for table `kelas`
--
ALTER TABLE `kelas`
  ADD CONSTRAINT `kelas_ibfk_1` FOREIGN KEY (`tingkat_id`) REFERENCES `tingkat` (`id`) ON DELETE CASCADE ON UPDATE CASCADE,
  ADD CONSTRAINT `kelas_ibfk_2` FOREIGN KEY (`jurusan_id`) REFERENCES `jurusan` (`id`) ON DELETE CASCADE ON UPDATE CASCADE,
  ADD CONSTRAINT `kelas_ibfk_3` FOREIGN KEY (`nama_kelas_id`) REFERENCES `nama_kelas` (`id`) ON DELETE CASCADE ON UPDATE CASCADE;

--
-- Constraints for table `kriteria`
--
ALTER TABLE `kriteria`
  ADD CONSTRAINT `kriteria_ibfk_1` FOREIGN KEY (`id_siswa`) REFERENCES `siswa` (`id_siswa`);

--
-- Constraints for table `perhitungan`
--
ALTER TABLE `perhitungan`
  ADD CONSTRAINT `perhitungan_ibfk_1` FOREIGN KEY (`id_kriteria`) REFERENCES `kriteria` (`id_kriteria`);

--
-- Constraints for table `siswa`
--
ALTER TABLE `siswa`
  ADD CONSTRAINT `siswa_ibfk_1` FOREIGN KEY (`id_perhitungan`) REFERENCES `perhitungan` (`id_perhitungan`),
  ADD CONSTRAINT `siswa_ibfk_2` FOREIGN KEY (`kelas_id`) REFERENCES `kelas` (`id`) ON DELETE SET NULL ON UPDATE CASCADE;
COMMIT;

/*!40101 SET CHARACTER_SET_CLIENT=@OLD_CHARACTER_SET_CLIENT */;
/*!40101 SET CHARACTER_SET_RESULTS=@OLD_CHARACTER_SET_RESULTS */;
/*!40101 SET COLLATION_CONNECTION=@OLD_COLLATION_CONNECTION */;
